endpoint,epoch,train_loss,validation_loss
Tox21,1,1.3781362546014262,0.8823638955752054
Tox21,2,1.148452613052431,0.8570973351597786
Tox21,3,1.102698517042202,0.9633925557136536
Tox21,4,1.070604642341425,0.8487389981746674
Tox21,5,1.0484196448719107,0.8789555976788203
Tox21,6,1.058388577385263,0.8509514381488165
Tox21,7,1.0225217299801963,0.8643670702974001
Tox21,8,1.0210758044824495,0.8734695265690485
Tox21,9,1.0054123205143015,0.9197091609239578
Tox21,10,1.0412834597812903,0.8467529763778051
Tox21,11,1.0134362539092263,0.8446787173549334
Tox21,12,0.9827463901959932,0.7922724783420563
Tox21,13,0.969715259232364,0.8100012814005216
Tox21,14,0.9636040474032308,0.8552948410312334
Tox21,15,0.9818845689296722,0.8516797572374344
Tox21,16,0.9624054048742566,0.8054082294305166
Tox21,17,0.9453449914088616,0.8175503065188726
Tox21,18,0.954082312819722,0.802183764676253
Tox21,19,0.9467718096879812,0.8000952278574308
Tox21,20,0.9780270264043912,0.7995795384049416
Tox21,21,0.962305106304504,0.7994878689448038
Tox21,22,0.94892486340397,0.8145810986558596
Tox21,23,0.9523626850856528,0.8042721475164095
Tox21,24,0.9519822780902568,0.8038634657859802
Tox21,25,0.935378332059462,0.9076830868919692
Tox21,26,0.9539977728010534,0.8345969369014105
Tox21,27,0.9257148425657672,0.8604803929726282
hERG,1,0.5221588876512315,0.5619598776102066
hERG,2,0.4717508024639553,0.7298536598682404
hERG,3,0.4402698576450348,0.5959859192371368
hERG,4,0.4120219846566518,0.6037913113832474
hERG,5,0.4032207330067952,0.565826416015625
hERG,6,0.4205454124344719,0.3754261881113052
hERG,7,0.4117700258890788,0.526647686958313
hERG,8,0.3934566875298818,0.4831364154815674
hERG,9,0.399826983610789,0.4657703638076782
hERG,10,0.3685494214296341,0.5422487556934357
hERG,11,0.3914393815729353,0.4585560411214828
hERG,12,0.3877207868629032,0.3880327641963959
hERG,13,0.3699101871914333,0.6078497171401978
hERG,14,0.3650096936358346,0.60651695728302
hERG,15,0.3833219110965729,0.3883989602327347
hERG,16,0.3686415486865573,0.4345878213644027
hERG,17,0.4050255285369025,0.5889118015766144
hERG,18,0.3708566096093919,0.4891505390405655
hERG,19,0.3561265104346805,0.6155405938625336
hERG,20,0.3725206587049696,0.4650331735610962
hERG,21,0.3646489977836609,0.4059018492698669
BBBP,1,0.3793248511277712,0.3152549304068088
BBBP,2,0.340318405857453,0.3156569674611091
BBBP,3,0.3199570201910459,0.2814604602754116
BBBP,4,0.3109736499878076,0.2894059158861637
BBBP,5,0.3048368061964328,0.2724910676479339
BBBP,6,0.299617656148397,0.2637699283659458
BBBP,7,0.2925932086431063,0.2619336657226085
BBBP,8,0.2923354873290428,0.28178121894598
BBBP,9,0.2921493007586552,0.262633491307497
BBBP,10,0.2912190831624545,0.2655182592570781
BBBP,11,0.2806045647997122,0.2505763061344623
BBBP,12,0.2857102293234605,0.2499216552823782
BBBP,13,0.2807909880693142,0.2489846833050251
BBBP,14,0.2775740434343998,0.2464167941361665
BBBP,15,0.2780382564434638,0.2526080384850502
BBBP,16,0.2797317957648864,0.264948233962059
BBBP,17,0.2816311000631405,0.2487207762897014
BBBP,18,0.2746804878115654,0.2461067028343677
BBBP,19,0.2712901395100813,0.2470241244882345
BBBP,20,0.2706803473142477,0.2444221004843711
BBBP,21,0.271083544080074,0.2420231476426124
BBBP,22,0.2670255183027341,0.2405335772782564
BBBP,23,0.2688024932375321,0.2491133324801921
BBBP,24,0.2685966910077975,0.2555317152291536
BBBP,25,0.2621333983082037,0.2385831270366907
BBBP,26,0.2611231494408387,0.2370528299361467
BBBP,27,0.2614012847726161,0.2381335273385048
BBBP,28,0.2552327702824886,0.234567454084754
BBBP,29,0.2564041196153714,0.2416003607213497
BBBP,30,0.2589665496578583,0.2342808321118354
BBBP,31,0.2665176196740224,0.2559028910472989
BBBP,32,0.2589271200390962,0.2331942301243543
BBBP,33,0.2494455553018129,0.230695441365242
BBBP,34,0.2548328586495839,0.234701108187437
BBBP,35,0.2448509874252172,0.2337234690785408
BBBP,36,0.2515091913250776,0.2314355596899986
BBBP,37,0.243375534335008,0.2446756102144718
BBBP,38,0.2476339128154974,0.2343295067548751
BBBP,39,0.2413785526385674,0.2330848313868045
BBBP,40,0.2446786027688246,0.2295362036675214
BBBP,41,0.2438523878271763,0.2278097029775381
BBBP,42,0.2416585420186703,0.2725624367594719
BBBP,43,0.2473354173394349,0.229690546169877
BBBP,44,0.2393279316333624,0.2279500812292099
BBBP,45,0.2394734317293534,0.227729856967926
BBBP,46,0.2365063858719972,0.2260626032948494
BBBP,47,0.2362970188260078,0.2332955626770854
BBBP,48,0.235670187152349,0.2263287156820297
BBBP,49,0.2353125483943866,0.2356462096795439
BBBP,50,0.2413586618808599,0.2384536331519484
BBBP,51,0.2352774211993584,0.228770675137639
BBBP,52,0.2325677218345495,0.2295704893767833
BBBP,53,0.2306324340976201,0.2257575206458568
BBBP,54,0.2293046065247976,0.2283981572836637
BBBP,55,0.2335580277901429,0.2360917376354336
BBBP,56,0.225419266292682,0.2248408235609531
BBBP,57,0.2289419546723365,0.2368065658956766
BBBP,58,0.2223720814173038,0.2413194049149751
BBBP,59,0.2362358123064041,0.229574279859662
BBBP,60,0.2236919930348029,0.2252007145434618
BBBP,61,0.2216090554228195,0.228732505813241
BBBP,62,0.2209938684335121,0.2381892753764987
BBBP,63,0.2237656374390308,0.2258254569023847
BBBP,64,0.2286152616143226,0.2323798686265945
BBBP,65,0.2250762432813644,0.2261339761316776
BBBP,66,0.2194358961513409,0.2317677056416869
BBBP,67,0.2194605360810573,0.229336904361844
BBBP,68,0.2226215131007708,0.2301757223904132
BBBP,69,0.2172407777263568,0.2246220018714666
BBBP,70,0.2185601752537947,0.2258796673268079
BBBP,71,0.2156322042529399,0.2236870713531971
BBBP,72,0.2189651916806514,0.2280581537634134
BBBP,73,0.2166602078538674,0.2223853021860122
BBBP,74,0.213692943064066,0.2243651300668716
BBBP,75,0.2121027123469572,0.2269622441381216
BBBP,76,0.2150113731622696,0.2250467482954263
BBBP,77,0.2097696862541712,0.2346561960875988
BBBP,78,0.209337494121148,0.2231793850660324
BBBP,79,0.2080540273051995,0.2227799296379089
BBBP,80,0.2117593746918898,0.2227776106446981
BBBP,81,0.2058636895739115,0.2261442830786109
BBBP,82,0.2076580008635154,0.2252349164336919
BBBP,83,0.2053908831798113,0.2240497209131717
BBBP,84,0.2068737687972875,0.227222753688693
BBBP,85,0.2100668549537658,0.2294176109135151
BBBP,86,0.2041220699365322,0.2225244613364339
BBBP,87,0.209113971545146,0.220836404711008
BBBP,88,0.2042426529985208,0.2231130432337522
BBBP,89,0.2053173740322773,0.2223073802888393
BBBP,90,0.2008111247649559,0.2221862431615591
BBBP,91,0.2057017265604092,0.2240761304274201
BBBP,92,0.2039357618643687,0.2229053229093551
BBBP,93,0.201512205772675,0.2320314161479473
BBBP,94,0.2072476286154527,0.2201632317155599
BBBP,95,0.2023326714451496,0.2245710911229252
BBBP,96,0.2029638668665519,0.2214927589520812
BBBP,97,0.1991336362866255,0.2239240985363721
BBBP,98,0.2028829323557707,0.2222531605511903
BBBP,99,0.1983063235305822,0.2261234866455197
BBBP,100,0.1980112493038177,0.2238407507538795
ClinTox,1,0.11533002025986973,0.09982990473508835
ClinTox,2,0.10380397972307707,0.0995482752720515
ClinTox,3,0.10225945711135864,0.098340538640817
ClinTox,4,0.09457289466732427,0.09480503698190053
ClinTox,5,0.0916247785483536,0.11448906858762105
ClinTox,6,0.09243467783457354,0.09821626295646031
ClinTox,7,0.09160716125839635,0.09609150265653928
ClinTox,8,0.0860573384714754,0.09349846591552098
ClinTox,9,0.0860327392032272,0.0917017658551534
ClinTox,10,0.08574888698364559,0.09032031397024791
ClinTox,11,0.08421086304281887,0.09061950196822484
ClinTox,12,0.08300886891390148,0.08982168138027191
ClinTox,13,0.08353618846127861,0.09279540677865346
ClinTox,14,0.08111845035302012,0.08968660235404968
ClinTox,15,0.08089474216103554,0.08951159069935481
ClinTox,16,0.07860622398163143,0.08895224829514821
ClinTox,17,0.07914300909952114,0.09130999570091565
ClinTox,18,0.07717286344421537,0.09932116667429607
ClinTox,19,0.07538829645828198,0.08960425108671188
ClinTox,20,0.07234388962388039,0.08902496596177419
ClinTox,21,0.07692955649997059,0.09346859777967136
ClinTox,22,0.0755439577134032,0.0924772284924984
ClinTox,23,0.07140129785004415,0.0887546216448148
ClinTox,24,0.07041589582436963,0.08857004592816035
ClinTox,25,0.07124432568487368,0.09235604852437973
ClinTox,26,0.07207007039534419,0.08987360695997874
ClinTox,27,0.06960370077898628,0.08899565537770589
ClinTox,28,0.06894892591394876,0.08907200892766316
ClinTox,29,0.0685193003400376,0.09471747279167175
ClinTox,30,0.06569932930563625,0.09831011667847633
ClinTox,31,0.06899832914534368,0.09278202305237453
ClinTox,32,0.06810954781739335,0.10163587083419164
ClinTox,33,0.0646372789419011,0.0959182580312093
ClinTox,34,0.06211035502584357,0.09650828937689464
ClinTox,35,0.06420589826608959,0.09577108174562454
ClinTox,36,0.06803520945341963,0.09480701262752216
ClinTox,37,0.06301667345197577,0.10438249260187149
ClinTox,38,0.06129003041668942,0.10018119588494301
ClinTox,39,0.06179513664622056,0.103857076416413
