actual_high_risk,predicted_high_risk,predicted_probability,sex,site_id
1.0,1,0.8224885,0,2
0.0,1,0.7351478,0,2
0.0,1,0.75080633,1,2
1.0,1,0.8135515,0,3
0.0,1,0.7218456,0,1
1.0,1,0.8312596,0,1
1.0,1,0.8488489,0,1
0.0,1,0.73171616,1,1
1.0,1,0.8350085,0,2
0.0,1,0.72609967,0,2
1.0,1,0.8128901,0,1
0.0,1,0.73290664,1,2
0.0,1,0.739973,0,2
1.0,1,0.8258464,0,3
0.0,1,0.7370463,1,1
1.0,1,0.83830154,0,0
1.0,1,0.8235224,0,0
0.0,1,0.7373635,1,0
1.0,1,0.8134168,0,0
1.0,1,0.82114077,1,3
1.0,1,0.8193187,1,3
1.0,1,0.82775027,1,0
0.0,1,0.7236692,0,2
1.0,1,0.8712669,1,0
0.0,1,0.73296577,0,0
1.0,1,0.805628,0,0
1.0,1,0.839375,1,0
1.0,1,0.81306535,0,2
1.0,1,0.7990513,1,2
1.0,1,0.8337097,1,2
0.0,1,0.7227738,0,2
0.0,1,0.73034847,0,0
1.0,1,0.8305594,0,2
1.0,1,0.83211523,1,2
1.0,1,0.823362,0,1
1.0,1,0.82559913,1,1
1.0,1,0.84719425,0,3
1.0,1,0.8337347,0,3
1.0,1,0.83756006,0,1
1.0,1,0.830793,1,1
1.0,1,0.8540427,1,0
0.0,1,0.752397,0,0
1.0,1,0.81101876,1,2
1.0,1,0.82172567,0,2
1.0,1,0.83032334,0,2
1.0,1,0.8181445,0,2
1.0,1,0.8491163,1,1
1.0,1,0.82737243,1,3
1.0,1,0.8256275,1,2
0.0,1,0.72761476,1,0
1.0,1,0.81345093,0,1
1.0,1,0.84081966,1,3
1.0,1,0.8429453,0,1
0.0,1,0.73145074,0,2
1.0,1,0.85158336,0,0
1.0,1,0.85105824,1,1
1.0,1,0.8124838,1,1
1.0,1,0.8339189,0,1
1.0,1,0.8236507,1,0
1.0,1,0.8173759,1,1
1.0,1,0.8599668,1,2
0.0,1,0.7190675,0,1
1.0,1,0.84496796,0,1
1.0,1,0.81634486,1,0
1.0,1,0.86619186,1,1
0.0,1,0.72956795,0,2
1.0,1,0.8381524,1,3
1.0,1,0.8115376,0,0
1.0,1,0.852276,0,0
1.0,1,0.8538503,1,0
0.0,1,0.73608947,0,0
1.0,1,0.83052295,1,0
1.0,1,0.8408213,0,2
1.0,1,0.82063067,0,2
1.0,1,0.84391415,1,1
1.0,1,0.82455945,0,1
1.0,1,0.84448594,0,2
1.0,1,0.8485279,1,2
1.0,1,0.8153512,1,2
1.0,1,0.8274503,0,2
1.0,1,0.8496061,0,3
1.0,1,0.8150817,0,0
1.0,1,0.82385254,0,1
1.0,1,0.8226869,0,1
0.0,1,0.74482846,0,3
1.0,1,0.82208484,1,2
1.0,1,0.8276511,1,3
1.0,1,0.8486881,0,0
1.0,1,0.8270078,0,0
1.0,1,0.8455028,1,0
0.0,1,0.7415069,1,2
1.0,1,0.84418654,1,2
1.0,1,0.825971,1,3
1.0,1,0.8427979,0,2
1.0,1,0.835173,0,3
0.0,1,0.7183166,1,2
0.0,1,0.7433912,1,0
1.0,1,0.8356244,0,2
1.0,1,0.841144,0,1
1.0,1,0.8316616,0,0
1.0,1,0.8424528,1,2
1.0,1,0.85149854,1,3
0.0,1,0.7252541,1,0
1.0,1,0.82898253,0,0
0.0,1,0.74328995,0,3
0.0,1,0.7269748,1,1
1.0,1,0.8528567,0,2
1.0,1,0.8171452,1,1
1.0,1,0.82392144,0,3
1.0,1,0.84341425,1,3
1.0,1,0.81534445,0,0
1.0,1,0.8090931,0,2
1.0,1,0.852049,1,3
1.0,1,0.8256358,0,2
1.0,1,0.85264516,0,0
1.0,1,0.84680504,0,0
1.0,1,0.84067225,0,1
0.0,1,0.7481754,1,3
1.0,1,0.8360424,1,3
1.0,1,0.83665097,0,1
1.0,1,0.87133867,1,0
1.0,1,0.8321567,0,1
1.0,1,0.82537913,0,2
1.0,1,0.83629924,1,2
1.0,1,0.83687466,0,0
0.0,1,0.719793,0,3
1.0,1,0.81533355,0,0
1.0,1,0.83522534,0,3
0.0,1,0.72320527,0,2
1.0,1,0.8524967,0,0
1.0,1,0.8413673,1,1
1.0,1,0.8303693,1,0
1.0,1,0.81552625,0,3
1.0,1,0.8212004,0,3
0.0,1,0.7282912,0,3
1.0,1,0.8405674,0,1
0.0,1,0.73756677,0,0
1.0,1,0.83874977,0,3
1.0,1,0.83880854,1,0
1.0,1,0.83050174,1,2
0.0,1,0.73854184,1,0
1.0,1,0.82035565,0,3
1.0,1,0.8091781,1,0
0.0,1,0.7342697,1,3
1.0,1,0.84038013,1,0
1.0,1,0.84265834,1,0
0.0,1,0.7217665,1,3
0.0,1,0.7338667,1,3
1.0,1,0.8172913,0,3
1.0,1,0.8218717,0,2
0.0,1,0.73599815,0,3
1.0,1,0.8483946,1,2
1.0,1,0.82872236,1,2
1.0,1,0.8438785,0,2
0.0,1,0.7483636,0,1
1.0,1,0.8215974,0,3
1.0,1,0.83034486,0,3
1.0,1,0.81507087,0,2
1.0,1,0.8328928,0,0
0.0,1,0.7240985,0,3
1.0,1,0.8075657,0,3
1.0,1,0.8642807,1,1
1.0,1,0.8539368,1,0
0.0,1,0.73897994,0,3
0.0,1,0.73849815,1,0
1.0,1,0.81949115,0,0
1.0,1,0.8370936,0,3
1.0,1,0.842766,0,1
1.0,1,0.83742255,1,3
1.0,1,0.833673,1,1
1.0,1,0.8644517,1,1
0.0,1,0.7326929,0,1
1.0,1,0.8370629,1,1
1.0,1,0.84531957,0,1
1.0,1,0.8365063,0,1
1.0,1,0.83399934,1,3
1.0,1,0.8645463,1,2
1.0,1,0.84363544,0,2
1.0,1,0.8375907,1,3
0.0,1,0.7341153,0,3
0.0,1,0.74188936,1,1
0.0,1,0.72768646,1,3
1.0,1,0.8368291,1,1
1.0,1,0.83144957,1,2
1.0,1,0.818711,1,3
1.0,1,0.8239415,1,3
1.0,1,0.8472896,0,0
1.0,1,0.83780456,1,2
1.0,1,0.8308685,0,0
0.0,1,0.7310399,0,0
1.0,1,0.8161089,1,3
0.0,1,0.73078716,0,0
1.0,1,0.8366926,0,1
0.0,1,0.73206013,0,1
1.0,1,0.8520333,1,0
1.0,1,0.83627635,0,1
0.0,1,0.73397964,0,1
0.0,1,0.72244614,0,3
0.0,1,0.72527033,0,2
1.0,1,0.84377044,1,1
0.0,1,0.7573784,0,0
1.0,1,0.80417603,0,2
1.0,1,0.8097655,0,1
0.0,1,0.73073345,1,1
1.0,1,0.8113335,0,1
1.0,1,0.8017263,0,2
1.0,1,0.8295615,0,2
1.0,1,0.83240336,0,0
0.0,1,0.7374444,1,0
1.0,1,0.8531958,1,0
0.0,1,0.72613215,1,2
1.0,1,0.8307549,0,2
0.0,1,0.7253625,0,0
1.0,1,0.8308053,0,1
0.0,1,0.7446412,1,1
1.0,1,0.84537494,0,0
0.0,1,0.7227597,1,2
1.0,1,0.81962943,1,2
0.0,1,0.7515454,1,2
1.0,1,0.8359181,1,1
1.0,1,0.8451325,1,3
1.0,1,0.82890856,1,1
1.0,1,0.82756644,0,2
1.0,1,0.8382544,0,1
1.0,1,0.8399353,1,2
1.0,1,0.8198786,1,2
1.0,1,0.8160798,1,1
1.0,1,0.8221685,0,3
1.0,1,0.8066798,0,2
0.0,1,0.7467228,1,3
1.0,1,0.82753354,0,0
1.0,1,0.8352717,1,2
0.0,1,0.7156381,1,1
0.0,1,0.72563076,1,1
0.0,1,0.7341305,1,3
1.0,1,0.82491267,0,1
1.0,1,0.80293393,1,3
1.0,1,0.81114477,0,2
0.0,1,0.735186,1,0
1.0,1,0.8602251,0,0
1.0,1,0.8485152,1,1
1.0,1,0.8563884,1,0
0.0,1,0.71985054,0,3
1.0,1,0.83523995,0,3
1.0,1,0.83420014,1,1
0.0,1,0.7219491,1,3
1.0,1,0.8244913,0,0
1.0,1,0.81618077,0,3
1.0,1,0.81459445,1,3
1.0,1,0.82949585,1,2
0.0,1,0.7255695,0,0
0.0,1,0.7276794,1,2
1.0,1,0.8422708,1,1
1.0,1,0.83329207,1,0
1.0,1,0.80461705,1,0
0.0,1,0.7393436,0,3
1.0,1,0.8451991,1,0
0.0,1,0.7461535,1,3
1.0,1,0.8376422,0,1
1.0,1,0.8539438,0,2
0.0,1,0.7503869,1,2
1.0,1,0.8370236,0,2
0.0,1,0.74566424,0,1
0.0,1,0.7381989,1,1
0.0,1,0.73067844,0,2
1.0,1,0.83414394,0,2
1.0,1,0.8487088,1,1
1.0,1,0.8471476,1,2
1.0,1,0.8381338,0,1
1.0,1,0.8431101,0,3
1.0,1,0.84154433,0,1
1.0,1,0.853599,0,2
1.0,1,0.8019309,1,1
1.0,1,0.82490885,0,2
1.0,1,0.84687674,0,3
1.0,1,0.83171827,1,3
1.0,1,0.8151291,0,1
1.0,1,0.820648,0,2
1.0,1,0.83733696,0,0
1.0,1,0.83649004,0,0
0.0,1,0.732379,1,3
1.0,1,0.8170332,0,3
1.0,1,0.84049934,1,3
0.0,1,0.7239044,1,2
1.0,1,0.8362591,1,1
1.0,1,0.8196074,0,2
1.0,1,0.83705217,0,1
1.0,1,0.8230539,0,3
1.0,1,0.8183703,0,0
1.0,1,0.8480114,1,2
1.0,1,0.8170523,0,3
0.0,1,0.7429096,1,2
1.0,1,0.84053177,1,3
1.0,1,0.82126486,1,0
1.0,1,0.8460798,1,3
1.0,1,0.81445795,1,2
1.0,1,0.8491793,0,1
1.0,1,0.848837,0,0
1.0,1,0.85396194,1,0
0.0,1,0.7200971,0,3
1.0,1,0.82271105,0,1
1.0,1,0.85042334,0,2
0.0,1,0.732388,1,1
1.0,1,0.83524144,0,1
1.0,1,0.8125316,0,1
1.0,1,0.83844465,0,2
1.0,1,0.83077717,1,2
0.0,1,0.72214216,0,3
1.0,1,0.8703772,1,2
1.0,1,0.82679325,0,0
1.0,1,0.8174635,1,3
1.0,1,0.819854,1,0
1.0,1,0.8056755,1,2
1.0,1,0.81388915,0,2
1.0,1,0.8315563,0,3
0.0,1,0.7357754,0,1
1.0,1,0.8352536,0,0
1.0,1,0.83673924,1,3
1.0,1,0.8285005,0,3
1.0,1,0.82216847,0,2
0.0,1,0.7156535,0,3
1.0,1,0.8604941,1,1
1.0,1,0.80507565,0,3
1.0,1,0.8582624,0,1
1.0,1,0.8457697,1,1
1.0,1,0.83430624,1,0
1.0,1,0.8342684,1,3
0.0,1,0.739281,0,0
0.0,1,0.72437614,1,1
1.0,1,0.79472524,0,2
1.0,1,0.82422537,1,2
0.0,1,0.71695566,1,2
1.0,1,0.8656104,1,0
0.0,1,0.73232454,1,3
1.0,1,0.82190096,0,3
1.0,1,0.8107867,0,2
0.0,1,0.7383564,0,0
1.0,1,0.8375585,1,1
1.0,1,0.8691588,0,1
1.0,1,0.8664749,1,0
1.0,1,0.8215821,0,1
1.0,1,0.85566825,0,1
1.0,1,0.85080075,0,3
1.0,1,0.84685034,0,3
0.0,1,0.7188845,0,0
1.0,1,0.8664546,0,1
1.0,1,0.8350784,1,1
0.0,1,0.72227657,1,1
1.0,1,0.82428676,0,0
1.0,1,0.8359873,1,1
1.0,1,0.8392233,0,1
1.0,1,0.838518,0,2
1.0,1,0.86721796,1,0
1.0,1,0.83599865,1,0
1.0,1,0.83081996,1,0
1.0,1,0.8392315,0,2
1.0,1,0.82912785,0,3
1.0,1,0.8332838,0,0
1.0,1,0.85493433,1,1
1.0,1,0.85034454,1,1
1.0,1,0.83051276,0,3
1.0,1,0.815908,0,1
1.0,1,0.8434562,1,2
1.0,1,0.8392325,0,1
0.0,1,0.7317038,1,2
1.0,1,0.83672655,1,0
0.0,1,0.73381084,0,3
1.0,1,0.8206164,1,1
1.0,1,0.8272753,1,3
1.0,1,0.8272059,1,2
0.0,1,0.73880255,1,3
1.0,1,0.85869855,1,2
1.0,1,0.8204461,1,0
0.0,1,0.7208269,0,0
1.0,1,0.8385505,0,3
1.0,1,0.8406335,1,3
1.0,1,0.8290411,0,1
1.0,1,0.83725196,0,1
0.0,1,0.7436838,1,0
0.0,1,0.7375524,0,1
0.0,1,0.73560727,1,1
0.0,1,0.7238653,1,3
1.0,1,0.84109265,1,0
1.0,1,0.8278259,0,0
1.0,1,0.8383664,1,3
1.0,1,0.8289591,1,2
1.0,1,0.8291478,0,2
1.0,1,0.86150485,0,0
1.0,1,0.8151506,1,3
1.0,1,0.8450617,1,3
0.0,1,0.72622275,0,3
1.0,1,0.81400704,1,2
1.0,1,0.7916605,0,1
1.0,1,0.85008913,0,1
1.0,1,0.79527503,0,3
1.0,1,0.8298784,0,1
1.0,1,0.7873331,1,3
1.0,1,0.81185865,1,1
0.0,1,0.7431691,0,1
1.0,1,0.8390598,1,0
1.0,1,0.8532526,0,2
0.0,1,0.7242243,0,3
0.0,1,0.7460237,0,1
1.0,1,0.8451322,0,2
1.0,1,0.8277847,0,2
1.0,1,0.81774163,1,2
1.0,1,0.81780094,0,1
1.0,1,0.8279016,0,0
1.0,1,0.8417759,0,0
1.0,1,0.8721284,1,1
1.0,1,0.8185261,0,0
1.0,1,0.82049453,0,3
1.0,1,0.8192027,0,3
1.0,1,0.82593006,1,1
1.0,1,0.8662748,0,0
1.0,1,0.8351966,0,3
1.0,1,0.8382581,1,2
1.0,1,0.83603406,0,0
1.0,1,0.8280735,1,1
1.0,1,0.82440585,0,3
0.0,1,0.73424864,1,1
0.0,1,0.71886104,1,2
1.0,1,0.83396286,0,3
1.0,1,0.82049453,1,1
1.0,1,0.84626913,1,0
1.0,1,0.8238546,1,2
1.0,1,0.8098419,0,0
1.0,1,0.82460874,0,1
1.0,1,0.8334944,1,0
1.0,1,0.82336384,1,1
1.0,1,0.8201416,1,1
0.0,1,0.7405459,1,0
0.0,1,0.72684336,1,3
0.0,1,0.73194784,1,0
1.0,1,0.83580875,1,1
1.0,1,0.8375874,1,3
0.0,1,0.7560239,0,1
0.0,1,0.74502385,1,2
0.0,1,0.742964,0,1
1.0,1,0.86642724,1,0
0.0,1,0.7307081,1,2
0.0,1,0.7463483,0,0
1.0,1,0.8389564,0,3
1.0,1,0.83752793,1,1
1.0,1,0.8684832,1,3
0.0,1,0.7249447,1,2
1.0,1,0.87978595,1,0
1.0,1,0.82617116,0,0
1.0,1,0.8488853,0,2
1.0,1,0.8353624,1,2
0.0,1,0.7279302,0,2
1.0,1,0.840134,1,3
1.0,1,0.8125171,0,1
0.0,1,0.72281724,0,2
1.0,1,0.8019933,1,1
1.0,1,0.8146541,1,2
1.0,1,0.8597886,1,1
1.0,1,0.83487976,0,0
0.0,1,0.74305594,0,3
1.0,1,0.87489694,0,0
0.0,1,0.7455146,0,0
1.0,1,0.807055,0,3
0.0,1,0.7337077,0,2
1.0,1,0.8144578,1,2
1.0,1,0.8280711,1,3
1.0,1,0.8416092,0,2
1.0,1,0.8311563,1,3
1.0,1,0.8113685,0,2
1.0,1,0.8314095,0,0
1.0,1,0.83209026,1,1
1.0,1,0.83821875,0,3
0.0,1,0.7149467,1,3
0.0,1,0.7210395,0,2
1.0,1,0.84198236,1,2
1.0,1,0.82915604,0,2
0.0,1,0.73634225,0,1
1.0,1,0.8194455,1,1
1.0,1,0.8338602,1,0
0.0,1,0.7308571,0,2
1.0,1,0.80533427,0,1
0.0,1,0.75735396,1,2
0.0,1,0.7170405,1,2
1.0,1,0.83905655,1,3
1.0,1,0.8407918,1,0
0.0,1,0.73817754,1,0
1.0,1,0.8359956,0,1
1.0,1,0.82630247,1,2
1.0,1,0.8515736,0,0
1.0,1,0.8229688,0,1
1.0,1,0.8254561,0,2
1.0,1,0.8202478,1,1
1.0,1,0.8360218,1,0
1.0,1,0.83850056,0,0
1.0,1,0.8529419,0,3
1.0,1,0.8065937,1,3
1.0,1,0.84227276,0,1
1.0,1,0.8273373,0,3
1.0,1,0.8602259,0,0
1.0,1,0.8552401,0,1
1.0,1,0.8394322,0,1
1.0,1,0.822344,0,3
1.0,1,0.8194186,0,1
0.0,1,0.74386096,0,1
1.0,1,0.8371462,1,0
1.0,1,0.8318427,0,3
1.0,1,0.83210784,0,0
0.0,1,0.72691077,1,2
0.0,1,0.73768413,1,0
0.0,1,0.75642675,1,1
1.0,1,0.8318631,0,1
0.0,1,0.75024146,0,3
0.0,1,0.7379176,1,1
1.0,1,0.83936596,0,0
1.0,1,0.8368158,0,1
1.0,1,0.8263918,1,1
1.0,1,0.8380935,1,1
1.0,1,0.8436266,0,0
1.0,1,0.8183995,1,3
1.0,1,0.8811677,1,0
0.0,1,0.7374594,1,3
1.0,1,0.814599,0,1
0.0,1,0.7682333,1,0
1.0,1,0.8139978,1,3
1.0,1,0.84477895,1,1
1.0,1,0.83289146,0,3
1.0,1,0.8355997,1,0
0.0,1,0.7463507,1,3
0.0,1,0.73066366,0,3
1.0,1,0.83460414,1,0
1.0,1,0.8657383,1,1
1.0,1,0.8257767,0,1
1.0,1,0.86241686,0,2
1.0,1,0.83273584,0,2
1.0,1,0.8224676,0,2
1.0,1,0.8367717,0,3
0.0,1,0.74551,0,0
0.0,1,0.73606336,0,1
1.0,1,0.8252263,1,3
1.0,1,0.8200568,1,2
1.0,1,0.8070362,1,0
1.0,1,0.81940603,0,2
1.0,1,0.797051,0,0
1.0,1,0.8030382,1,3
0.0,1,0.7252939,1,2
1.0,1,0.8201761,0,3
1.0,1,0.8105455,0,3
1.0,1,0.83354104,1,0
1.0,1,0.8299,1,2
1.0,1,0.8111564,1,2
1.0,1,0.8294124,0,0
1.0,1,0.8457794,1,1
1.0,1,0.8564436,1,2
0.0,1,0.74124175,0,0
0.0,1,0.7375989,1,0
0.0,1,0.72097033,1,1
1.0,1,0.8270494,0,3
1.0,1,0.8263448,1,3
0.0,1,0.74067277,1,3
1.0,1,0.8510753,0,1
1.0,1,0.8495535,0,2
0.0,1,0.7425324,1,3
1.0,1,0.8302948,1,1
1.0,1,0.850918,0,0
1.0,1,0.8151651,0,2
1.0,1,0.8069184,0,2
1.0,1,0.8518981,1,1
0.0,1,0.7222653,1,1
1.0,1,0.83302677,0,1
1.0,1,0.8179998,0,1
1.0,1,0.8397745,0,1
1.0,1,0.83058923,0,0
0.0,1,0.7573798,0,1
1.0,1,0.82342285,0,1
1.0,1,0.85177535,1,3
1.0,1,0.83252585,0,3
1.0,1,0.84398276,0,0
1.0,1,0.8205584,1,2
1.0,1,0.8275342,0,1
1.0,1,0.8618082,1,2
1.0,1,0.8574768,1,1
0.0,1,0.72727245,1,1
1.0,1,0.8273588,0,0
0.0,1,0.71827,0,2
1.0,1,0.8238152,0,2
1.0,1,0.8036995,1,3
1.0,1,0.8413579,1,2
0.0,1,0.7682229,1,0
1.0,1,0.818159,1,3
0.0,1,0.7425844,0,2
0.0,1,0.7455235,0,1
0.0,1,0.74470747,1,0
1.0,1,0.8372002,0,2
0.0,1,0.72805125,0,0
1.0,1,0.8032177,1,2
1.0,1,0.824962,1,3
1.0,1,0.8369888,1,2
1.0,1,0.8193569,1,1
1.0,1,0.83935416,1,1
1.0,1,0.82293534,0,3
1.0,1,0.8599228,1,0
1.0,1,0.8226892,0,3
0.0,1,0.7666675,1,0
0.0,1,0.72483057,1,2
1.0,1,0.79513484,0,2
0.0,1,0.736117,0,1
1.0,1,0.79280436,1,2
1.0,1,0.8486566,1,1
1.0,1,0.8412772,0,1
1.0,1,0.85796666,1,3
1.0,1,0.8191584,0,0
0.0,1,0.7279339,0,3
1.0,1,0.8167818,1,0
0.0,1,0.74412644,0,0
0.0,1,0.77118176,1,0
1.0,1,0.8209626,0,2
1.0,1,0.8072561,1,2
1.0,1,0.84499735,0,3
1.0,1,0.82919455,0,2
1.0,1,0.8322528,0,0
0.0,1,0.73365724,0,3
1.0,1,0.8278046,1,3
0.0,1,0.73727643,1,1
1.0,1,0.81872153,1,2
1.0,1,0.8359806,0,1
0.0,1,0.7343003,0,1
