actual_delay_risk,predicted_delay_risk,predicted_delay_probability,actual_delay_minutes,predicted_delay_minutes
1.0,0,0.39018497,21.801655,0.8654852
1.0,0,0.38294706,29.257046,1.2574208
1.0,0,0.40394005,24.14072,0.61398995
0.0,0,0.38053957,18.370869,0.85547745
0.0,0,0.3875387,16.171385,1.0598519
0.0,0,0.4115999,14.25343,1.0040724
0.0,0,0.33795482,15.711562,1.6196343
0.0,0,0.41052267,17.381834,0.69338566
0.0,0,0.348518,6.639259,1.189498
1.0,0,0.4254938,24.586452,1.1247481
0.0,0,0.4156341,9.629934,0.8255216
0.0,0,0.39472017,11.225587,0.6708668
0.0,0,0.38139153,10.447539,0.8587115
0.0,0,0.36694938,6.037011,1.0746601
0.0,0,0.36839128,6.579609,0.8349391
0.0,0,0.4167503,13.523892,1.1093768
0.0,0,0.3687706,4.4116592,0.8293697
0.0,0,0.4093929,15.075706,0.6317106
0.0,0,0.3444587,8.458573,1.2104702
1.0,0,0.34363496,32.39903,1.273294
1.0,0,0.3992648,29.379274,1.1555139
1.0,0,0.40357676,21.45611,0.9269314
0.0,0,0.3691011,18.363468,1.3648065
1.0,0,0.3882459,20.77381,1.2673286
0.0,0,0.38659528,11.527486,1.2337174
0.0,0,0.41418177,15.00233,0.9600942
0.0,0,0.43626907,11.762672,0.9905007
1.0,0,0.3711379,30.175692,0.995172
0.0,0,0.40500724,18.13,0.70610523
0.0,0,0.3796172,18.04719,0.86662954
0.0,0,0.41581628,16.522497,0.7576176
0.0,0,0.42499748,13.026961,0.7777823
0.0,0,0.36498246,16.08361,1.3039703
0.0,0,0.36275765,16.710035,1.2477679
0.0,0,0.38094726,8.48365,0.845261
1.0,0,0.4278593,20.84922,0.87248063
0.0,0,0.4184358,14.553653,0.655432
0.0,0,0.35213262,15.587015,1.333498
0.0,0,0.37319636,12.193236,1.0158652
0.0,0,0.39112583,17.568027,0.9972646
0.0,0,0.341445,5.8461156,1.2911422
0.0,0,0.34913754,16.945808,1.0303528
0.0,0,0.40693206,10.606102,0.6058718
0.0,0,0.3731017,4.1071944,1.0273609
0.0,0,0.35586083,2.4690094,1.1038275
0.0,0,0.33983812,19.796238,1.2450762
0.0,0,0.40381423,16.464586,0.7776604
1.0,0,0.36563146,21.914,1.2060244
1.0,0,0.27470264,21.90857,1.7745385
1.0,0,0.41864994,20.169996,0.97317696
0.0,0,0.4008462,13.97922,0.894454
0.0,0,0.31556308,11.053343,1.3965468
1.0,0,0.39062402,20.278067,1.0261549
0.0,0,0.42431512,11.964572,0.57715994
0.0,0,0.40702206,5.4265633,0.735293
0.0,0,0.40914643,10.073394,0.61314
0.0,0,0.38564795,5.1429863,0.8476485
1.0,0,0.3713091,23.672363,1.0092466
1.0,0,0.4399377,21.645834,0.8215313
1.0,0,0.33439773,22.95691,1.552313
0.0,0,0.33237568,9.711755,1.2195812
0.0,0,0.38364366,8.3873,0.7532717
0.0,0,0.38872033,8.67472,0.913748
1.0,0,0.4207607,23.49352,0.8329881
0.0,0,0.4028327,15.33561,0.75816226
0.0,0,0.33881417,4.1256166,1.5362037
0.0,0,0.45643103,18.073257,0.38063335
0.0,0,0.40430745,2.534145,1.236303
1.0,0,0.41928113,42.68877,0.8782182
0.0,0,0.37381667,7.404954,1.0268064
0.0,0,0.36165705,16.044184,1.0689075
0.0,0,0.38807216,18.247665,1.01271
0.0,0,0.38344073,16.343828,0.92679095
0.0,0,0.38961783,19.709503,0.8109065
1.0,0,0.41898802,26.54841,1.0234358
1.0,0,0.4545572,24.516603,0.9426503
1.0,0,0.4199576,32.773674,0.79407835
0.0,0,0.41895205,12.617195,0.55246365
1.0,0,0.4480863,21.641422,0.86559093
1.0,0,0.451141,31.580715,0.646172
0.0,0,0.4298382,9.383625,0.95708275
0.0,0,0.34094095,19.305944,1.095184
0.0,0,0.40267566,19.727343,0.7307795
0.0,0,0.34923995,0.16422845,1.1379327
0.0,0,0.35132024,18.281347,1.0689621
0.0,0,0.39175627,14.310009,1.2613659
0.0,0,0.39289558,17.165564,1.127983
1.0,0,0.39316398,29.973858,0.9053519
0.0,0,0.41974732,16.653376,0.7929138
1.0,0,0.43874213,29.978554,0.9208051
1.0,0,0.40441495,20.85058,0.7030883
0.0,0,0.3905295,6.331592,0.8809976
1.0,0,0.3966723,23.149609,0.7437735
0.0,0,0.3713353,2.8631158,1.3832418
0.0,0,0.4193015,16.324682,0.7986034
0.0,0,0.37913832,16.150328,1.0785558
1.0,0,0.41679332,29.651545,1.1644195
1.0,0,0.3790799,21.88,1.0228753
1.0,0,0.39683205,20.38502,0.74115837
0.0,0,0.33599904,11.895969,1.6716857
0.0,0,0.4190849,15.947151,1.1165383
0.0,0,0.33704478,16.839449,1.4958358
0.0,0,0.38680938,11.246357,1.1032394
1.0,0,0.38936025,26.76155,1.324316
0.0,0,0.42190653,11.775838,0.7910825
0.0,0,0.3981987,18.385048,0.8094869
0.0,0,0.3573405,17.476957,0.9893483
0.0,0,0.37526783,9.558764,0.9619521
0.0,0,0.3815846,10.22334,0.8385513
0.0,0,0.36903298,12.427057,1.1704656
1.0,0,0.34935322,23.79875,1.3230401
0.0,0,0.39250404,18.895638,1.207252
0.0,0,0.37715247,15.506422,1.01225
1.0,0,0.3980659,23.176529,1.0923128
0.0,0,0.34650183,6.397352,1.0846808
1.0,0,0.41938293,27.998873,0.75436354
1.0,0,0.41653788,26.648,0.7897239
0.0,0,0.41173142,10.557722,0.8559364
0.0,0,0.39312413,15.212985,0.7790786
0.0,0,0.41514346,18.944654,0.9316131
0.0,0,0.38494,7.2490535,0.7207515
0.0,0,0.35956943,12.727617,1.2431848
1.0,0,0.40917468,21.644722,1.1601365
0.0,0,0.42934465,8.1565075,0.6297129
0.0,0,0.38480768,19.890501,0.8725656
1.0,0,0.40724024,26.060385,0.9174571
0.0,0,0.40345934,3.6518104,0.9077238
0.0,0,0.41954812,10.625383,0.66828024
1.0,0,0.34203553,30.783852,1.1385618
1.0,0,0.37252474,21.796629,0.97314286
1.0,0,0.37927842,20.02779,0.96194196
0.0,0,0.41244888,13.202762,0.7989632
0.0,0,0.38750935,8.45117,0.81213725
0.0,0,0.38421315,16.864037,1.0385761
0.0,0,0.39553872,10.931713,0.7810285
0.0,0,0.3682877,13.918189,1.0461612
0.0,0,0.39234978,13.313041,0.78365713
0.0,0,0.35184193,2.1087768,1.4257793
0.0,0,0.41396028,4.316543,1.2916205
0.0,0,0.44214264,15.403747,0.8069657
1.0,0,0.38462335,21.464712,0.9969605
1.0,0,0.41096562,25.50686,1.2244756
0.0,0,0.40434507,17.133728,0.7816396
0.0,0,0.35928497,2.2336133,1.0992186
0.0,0,0.3678224,19.639912,1.2769306
0.0,0,0.34380302,10.855485,1.8433471
0.0,0,0.36013135,12.492363,1.003371
0.0,0,0.39421636,3.6305468,0.82683975
1.0,0,0.4212739,26.80946,1.1459758
0.0,0,0.35590705,2.8631544,0.9700234
0.0,0,0.4000682,16.14005,0.749369
0.0,0,0.33571926,16.644617,1.4719257
0.0,0,0.36922714,1.6990983,1.0662518
0.0,0,0.40815783,17.888342,0.7418226
0.0,0,0.40997282,19.606226,0.75723433
0.0,0,0.39283353,16.07578,0.93934023
0.0,0,0.41398945,19.840216,0.7473005
1.0,0,0.38418382,25.537546,1.1863664
0.0,0,0.4389577,19.539286,0.62854993
0.0,0,0.39317158,15.833247,1.3205366
1.0,0,0.36915776,23.409138,1.0445049
0.0,0,0.3304951,17.567852,1.5155237
0.0,0,0.37398708,18.928,1.0293996
0.0,0,0.40562755,3.293787,0.994408
1.0,0,0.40002006,35.683754,1.4714494
0.0,0,0.33253434,19.473856,1.2143784
0.0,0,0.37112802,0.60156095,1.0037656
0.0,0,0.43362892,14.5749035,0.88891804
0.0,0,0.39912134,8.196272,0.803165
0.0,0,0.3980195,11.359821,1.0512342
1.0,0,0.42248553,22.396057,0.7755437
0.0,0,0.41675496,6.640005,1.0271006
1.0,0,0.3784938,20.828367,0.8574579
1.0,0,0.39379042,22.931856,1.0513573
1.0,0,0.31588113,25.86518,1.4863243
1.0,0,0.41619366,21.747948,0.65112305
0.0,0,0.4076325,8.231239,0.87682366
0.0,0,0.42700016,12.83442,0.7183964
0.0,0,0.39568022,11.08924,1.2181518
0.0,0,0.33409503,0.8980199,1.1608548
0.0,0,0.32886377,14.744773,1.2629931
1.0,0,0.3967045,32.070496,0.9732156
0.0,0,0.36275938,16.168102,1.1704987
0.0,0,0.3385817,0.0,1.1764914
0.0,0,0.37683436,5.2291813,1.4254544
0.0,0,0.39040196,19.536335,1.1601927
0.0,0,0.37488815,14.763504,1.1036487
0.0,0,0.38508448,16.018232,0.9436134
0.0,0,0.4048972,19.932686,1.5363317
1.0,0,0.3855488,20.458895,1.0238538
0.0,0,0.40263033,14.131976,0.8527739
0.0,0,0.3656685,3.8560753,1.0823915
0.0,0,0.4276736,18.945547,0.7452941
1.0,0,0.43925384,20.324175,0.70514464
0.0,0,0.42235112,18.240284,0.6600611
0.0,0,0.34660044,7.3906794,1.5834718
0.0,0,0.38066918,16.623745,0.831933
0.0,0,0.40544432,13.0362015,0.8071682
0.0,0,0.36573806,11.420477,1.1555005
1.0,0,0.42121065,22.760786,0.8389466
1.0,0,0.4303828,22.390244,0.59314877
0.0,0,0.39375627,3.7693596,0.8413727
1.0,0,0.38745522,25.321653,1.1635262
0.0,0,0.44322717,14.857332,0.6353125
0.0,0,0.4050255,14.903021,1.0869095
0.0,0,0.39989007,10.850325,1.3363689
1.0,0,0.40311953,38.34723,0.7884263
0.0,0,0.43868917,16.506475,0.8048727
0.0,0,0.37199548,13.034596,0.946972
1.0,0,0.3931306,22.651808,0.95132315
0.0,0,0.41239843,14.428193,0.6615151
0.0,0,0.41022882,15.03944,0.79357386
0.0,0,0.41909733,17.467607,0.88762593
1.0,0,0.42411098,31.529232,0.9498565
0.0,0,0.38899076,13.9148855,0.81124943
1.0,0,0.396391,22.719036,1.1097462
0.0,0,0.38480878,18.604475,0.89906263
0.0,0,0.38183182,7.4122643,1.014772
0.0,0,0.37164688,16.750229,1.035352
0.0,0,0.4278399,18.719973,0.61841357
0.0,0,0.40329036,9.365042,0.7934152
0.0,0,0.35790563,14.868688,0.95665336
1.0,0,0.40585604,27.016197,0.7279173
0.0,0,0.3923748,19.784197,0.90917224
1.0,0,0.40220004,25.071703,1.1340629
1.0,0,0.33336776,27.673986,1.3298601
0.0,0,0.4137058,11.060879,0.78424275
0.0,0,0.40276635,10.782533,0.83849645
1.0,0,0.39255315,23.065317,0.91264564
0.0,0,0.40570518,15.231542,1.0295423
0.0,0,0.3890809,11.458098,1.3545654
0.0,0,0.39810812,8.118559,0.8871672
1.0,0,0.4150541,30.871267,0.6805943
0.0,0,0.42029056,16.977613,0.8045898
1.0,0,0.34840584,21.82682,1.1304798
0.0,0,0.38338044,15.987538,1.1572456
0.0,0,0.42719954,10.59213,0.69396937
1.0,0,0.42468822,35.906036,1.0856404
1.0,0,0.4003583,27.597279,0.82591623
1.0,0,0.4185928,21.945614,1.048737
0.0,0,0.40976292,14.4556875,0.6735573
0.0,0,0.37656322,19.873693,1.1299394
1.0,0,0.38948637,20.195866,1.4195697
1.0,0,0.36959398,23.368,0.863111
0.0,0,0.38939837,18.703306,0.9619702
0.0,0,0.33686182,15.157602,1.1244452
0.0,0,0.4228366,0.96238106,0.8481866
0.0,0,0.3792127,10.468742,1.087826
1.0,0,0.39121592,20.510218,1.1540673
0.0,0,0.33780196,13.375723,1.259602
0.0,0,0.40560973,16.48353,0.75072503
0.0,0,0.3632082,7.8878684,1.1793551
0.0,0,0.37142703,7.4904428,0.94618237
0.0,0,0.36274937,10.053321,0.90951264
0.0,0,0.41809744,16.396784,0.7007425
0.0,0,0.3784886,3.9144347,0.90647143
0.0,0,0.4002853,13.016425,0.68261766
0.0,0,0.38312295,15.182265,0.98959994
1.0,0,0.3431024,22.209074,1.231876
1.0,0,0.43612605,23.110884,0.8788603
0.0,0,0.41837162,8.3096,0.9344424
0.0,0,0.43941996,5.965959,0.57141256
0.0,0,0.39299542,5.834888,0.7796557
1.0,0,0.41555148,29.48511,1.2827613
0.0,0,0.34419587,11.593345,1.3021915
0.0,0,0.43119982,19.095768,1.156497
1.0,0,0.39584097,27.420732,0.97826326
0.0,0,0.3830719,17.215265,0.9395288
1.0,0,0.39464992,26.459177,0.6609561
1.0,0,0.40228608,27.530865,0.6428564
1.0,0,0.39514455,29.434715,0.87796426
0.0,0,0.39954653,6.590436,0.9175085
0.0,0,0.4394746,13.912611,0.7219516
0.0,0,0.33675152,9.367986,1.1667055
1.0,0,0.41994497,22.919529,0.75549704
1.0,0,0.3490713,30.750004,1.1942524
0.0,0,0.3789291,18.68736,1.2147554
1.0,0,0.32277253,24.472223,1.6376078
0.0,0,0.39839286,14.741823,0.7158046
0.0,0,0.33986038,15.213636,1.2677207
0.0,0,0.3383229,1.1315997,1.0821606
0.0,0,0.4016388,5.9465456,0.72756255
0.0,0,0.384776,2.6027534,0.93254113
1.0,0,0.34038442,28.040333,1.1151434
0.0,0,0.33138618,13.036974,1.2722148
1.0,0,0.35437945,27.685581,0.9633522
0.0,0,0.39664796,13.354787,1.3666534
1.0,0,0.42204866,26.95125,0.84182334
0.0,0,0.38748825,7.4439034,0.93628013
1.0,0,0.3896215,26.72687,0.7915522
1.0,0,0.41289017,23.452236,1.2181088
1.0,0,0.36461464,23.764215,1.1738284
0.0,0,0.43347606,19.194504,1.2341415
0.0,0,0.43008327,11.685936,0.8944465
0.0,0,0.3936325,13.002894,1.1231744
0.0,0,0.3330579,5.403726,1.3453928
1.0,0,0.41402507,27.067478,1.181939
0.0,0,0.4279261,17.387722,0.5653592
0.0,0,0.35342878,5.272694,1.0188267
0.0,0,0.34527284,3.5077424,1.3604274
0.0,0,0.4087194,15.986121,0.9993404
1.0,0,0.29398817,20.51263,1.8421137
1.0,0,0.41767132,25.386463,0.86304575
0.0,0,0.42620555,18.249987,0.80336785
0.0,0,0.41182238,14.73623,0.7558012
0.0,0,0.41077453,1.9603039,0.661348
0.0,0,0.30895874,5.5585103,1.5775824
0.0,0,0.40863228,9.063255,0.78959954
0.0,0,0.41764566,8.962233,0.6572595
1.0,0,0.39464796,30.533146,1.290111
0.0,0,0.3589493,0.0,1.0728809
0.0,0,0.37325245,17.35914,0.80297726
0.0,0,0.3407195,5.3635774,1.2790093
0.0,0,0.44088584,17.42139,1.0558311
1.0,0,0.37536734,23.499239,0.95833457
0.0,0,0.40107474,8.635801,0.9087051
1.0,0,0.42102593,28.519466,0.83602315
0.0,0,0.41833332,17.243074,0.91275084
0.0,0,0.33213043,12.17784,1.1477213
0.0,0,0.38155174,5.8427815,0.97460055
1.0,0,0.32241097,22.189547,1.6397939
0.0,0,0.37244835,2.273025,0.8983149
1.0,0,0.40913805,30.393263,1.0970451
1.0,0,0.4166649,23.584476,0.82266974
0.0,0,0.35460362,6.394587,0.88711894
0.0,0,0.4120378,12.160675,0.7707676
0.0,0,0.38357255,12.673387,0.89566815
0.0,0,0.37685692,17.620438,1.02255
1.0,0,0.40134704,20.623106,0.89947754
1.0,0,0.36692855,22.203554,1.5054615
0.0,0,0.39746717,12.269479,0.8473315
0.0,0,0.3749735,8.75246,0.981851
1.0,0,0.34239715,30.654531,1.13121
0.0,0,0.40334484,16.788294,0.8342171
0.0,0,0.39634866,5.3288336,0.78352815
1.0,0,0.39962533,20.975286,0.68870556
0.0,0,0.4173354,9.4224415,0.6058293
0.0,0,0.3746801,13.397837,0.76149964
0.0,0,0.41789514,6.8261795,0.63856095
1.0,0,0.42847788,22.585562,0.75348705
0.0,0,0.36765724,19.167675,1.0533888
0.0,0,0.35592535,8.13884,0.86498225
0.0,0,0.4270159,13.217611,0.9964287
0.0,0,0.31443158,13.178457,1.484069
0.0,0,0.42426524,18.872692,1.2327578
0.0,0,0.42715308,14.371528,0.8029034
1.0,0,0.36825684,21.34872,0.9611554
0.0,0,0.3841533,19.3987,0.94767594
1.0,0,0.40712324,20.119127,0.9233993
0.0,0,0.4356127,16.94278,0.6473183
0.0,0,0.39035672,8.472228,0.7809599
0.0,0,0.4145931,12.059831,0.57669204
1.0,0,0.39206955,26.790686,0.80029327
0.0,0,0.35473418,13.12248,1.6080556
0.0,0,0.4175552,2.8898232,0.5494626
1.0,0,0.39623702,24.713108,1.6315639
1.0,0,0.4062175,20.384089,0.75091887
0.0,0,0.40325353,5.3276005,0.824744
0.0,0,0.42537597,19.417217,0.6099284
0.0,0,0.3971326,5.605811,0.7495075
0.0,0,0.37611395,8.977744,0.9339448
0.0,0,0.3203239,19.870983,1.2267445
1.0,0,0.39936367,31.345139,1.0538619
0.0,0,0.41998687,14.511129,0.5906205
1.0,0,0.4362258,27.122906,0.6019859
0.0,0,0.37250525,13.999356,0.8666364
0.0,0,0.3576887,18.538158,1.6753321
0.0,0,0.38987708,18.020134,0.79438186
1.0,0,0.43116212,22.662718,0.9171753
1.0,0,0.40921596,20.298302,0.61997056
0.0,0,0.36164498,10.24589,1.0999465
0.0,0,0.43363148,16.999395,0.8489618
1.0,0,0.40476358,22.18141,0.7243966
0.0,0,0.36773005,13.531258,1.0536351
1.0,0,0.4150125,31.757746,0.9616653
0.0,0,0.39402708,16.293705,0.9161328
0.0,0,0.39744416,15.831558,1.0081443
0.0,0,0.38005978,0.0,0.980417
0.0,0,0.36115992,19.598038,1.0675737
0.0,0,0.3624266,9.814523,1.1610553
0.0,0,0.39438128,10.197584,0.8725909
0.0,0,0.42808193,5.8576245,0.5947579
0.0,0,0.40569958,17.414906,1.0020812
0.0,0,0.4171911,6.5341024,0.79479074
0.0,0,0.35570723,3.5612319,1.238527
0.0,0,0.36424232,14.563051,1.3976196
1.0,0,0.4038893,22.147652,1.0065255
0.0,0,0.34325528,10.43532,1.3952107
1.0,0,0.38285223,20.199537,1.0142512
0.0,0,0.41370285,4.903593,0.7571009
0.0,0,0.4411045,16.38363,0.3792017
0.0,0,0.3103498,13.057379,1.517765
0.0,0,0.41255337,15.072432,0.7834925
1.0,0,0.40466315,21.214561,0.8270509
0.0,0,0.43774548,17.20434,0.4428475
0.0,0,0.39325032,10.971409,0.85363317
0.0,0,0.4267593,5.1536093,0.55216944
1.0,0,0.36994866,21.477026,0.9298272
0.0,0,0.44079193,15.650034,0.63384324
1.0,0,0.37875068,30.191975,1.1177304
1.0,0,0.36368972,21.245857,1.0862157
0.0,0,0.44235078,19.45572,0.6571979
0.0,0,0.34381962,19.025587,1.1077579
0.0,0,0.35429928,4.3938756,1.0609721
1.0,0,0.39579397,20.850878,0.83541286
0.0,0,0.3864681,10.871295,1.3432775
0.0,0,0.4377693,13.46023,0.66395456
0.0,0,0.43838328,3.433983,0.8557382
0.0,0,0.31033581,3.201501,1.5002714
0.0,0,0.36906326,11.304098,0.97854054
0.0,0,0.4182712,19.6262,0.9308785
0.0,0,0.41326416,17.665369,0.8289397
0.0,0,0.3746706,7.2991157,0.85360885
0.0,0,0.42277735,12.287227,0.873392
1.0,0,0.40782967,20.003445,0.970356
0.0,0,0.34852415,9.677949,1.0231943
1.0,0,0.39976853,27.79493,1.0054923
1.0,0,0.43095762,21.061937,1.2030756
1.0,0,0.3648897,25.97158,1.094888
0.0,0,0.3943651,11.581405,0.74771523
0.0,0,0.39675453,6.456263,0.90387845
0.0,0,0.3978742,5.6450152,0.91606396
1.0,0,0.3632326,21.494543,1.2063289
0.0,0,0.39182734,5.700199,0.96066535
1.0,0,0.38760254,31.601452,0.87497514
0.0,0,0.4030712,0.0,0.73479474
0.0,0,0.4396308,15.538932,0.5442997
0.0,0,0.28631967,8.170574,1.7901925
0.0,0,0.3986871,14.12512,0.7672398
0.0,0,0.39318714,10.210063,0.8164815
1.0,0,0.38714817,25.859516,0.96282876
1.0,0,0.39148796,24.272163,0.791505
0.0,0,0.42372125,15.710115,0.8158687
1.0,0,0.40773165,20.424885,0.79016405
1.0,0,0.39927867,20.069815,0.73673564
0.0,0,0.3879132,10.493127,0.8666712
0.0,0,0.4362524,7.799953,0.8687031
0.0,0,0.40819806,14.908901,0.7207024
1.0,0,0.3905941,28.438652,0.9663645
1.0,0,0.32366848,21.06838,1.3600101
0.0,0,0.41067287,9.300841,0.6765342
0.0,0,0.41665038,16.880764,0.98933506
1.0,0,0.40264118,31.108467,0.9849374
1.0,0,0.39806113,23.724634,0.67530036
1.0,0,0.4012067,22.716352,0.85675985
0.0,0,0.34727302,13.99673,1.2348944
1.0,0,0.36218345,22.053799,1.1831752
0.0,0,0.3992645,17.736744,0.90160525
0.0,0,0.3581335,14.361598,1.0050234
0.0,0,0.40677372,19.653633,0.7208256
1.0,0,0.38994628,38.57322,1.3253474
0.0,0,0.37399828,11.260462,1.3983408
0.0,0,0.4007,13.416285,0.6389192
0.0,0,0.3740038,0.0,0.8929739
0.0,0,0.37413564,3.6177063,0.86714494
0.0,0,0.42085287,13.712908,0.655527
1.0,0,0.3845419,35.224026,1.0981519
0.0,0,0.4132798,19.883558,0.85143775
1.0,0,0.4309714,21.969856,0.56877637
1.0,0,0.37798986,21.117702,0.9974828
1.0,0,0.37659436,20.721657,0.91365266
0.0,0,0.3825153,15.151309,0.74631715
0.0,0,0.4473848,19.965725,0.9911045
0.0,0,0.4305362,2.0155325,1.0277166
0.0,0,0.34538832,4.446976,1.5365305
1.0,0,0.44796285,22.906382,0.60308397
1.0,0,0.437275,24.02532,0.6712955
0.0,0,0.40262926,9.088692,0.83388656
0.0,0,0.33723682,18.578773,1.3807542
0.0,0,0.4149091,19.035465,0.92334664
0.0,0,0.4414108,12.343103,0.6561029
1.0,0,0.3709955,22.116604,1.2755142
0.0,0,0.42880994,5.4897137,0.5733155
0.0,0,0.4089394,19.414623,0.9663857
0.0,0,0.42795342,15.565615,0.7811972
0.0,0,0.39588693,14.017682,0.8399089
0.0,0,0.36940196,7.987585,1.4822787
0.0,0,0.35490787,9.474074,1.0155449
1.0,0,0.39883602,24.673082,1.1374573
0.0,0,0.37148762,10.764183,1.2975618
0.0,0,0.37503687,17.825146,1.0582016
0.0,0,0.41368493,9.432148,0.7208184
0.0,0,0.39159086,13.77124,0.79468083
0.0,0,0.44567835,4.5020385,0.62123525
1.0,0,0.37779823,21.490313,0.9945475
0.0,0,0.37580043,4.7943087,0.97437036
0.0,0,0.3770103,19.01334,1.1018895
1.0,0,0.4342628,20.580715,1.0957644
1.0,0,0.40211505,21.0171,1.2050208
0.0,0,0.42592654,14.564208,0.7363986
1.0,0,0.36726934,22.015415,1.3623456
0.0,0,0.39666787,18.719076,0.9625654
0.0,0,0.40457255,19.323647,1.1179302
0.0,0,0.35749337,5.204146,1.1195829
0.0,0,0.37095216,7.765758,0.9087085
1.0,0,0.41649452,26.980087,0.8851725
0.0,0,0.43722847,12.546574,1.0254917
1.0,0,0.42526162,20.931269,0.8525338
0.0,0,0.40719754,19.453941,1.0466013
0.0,0,0.42081928,17.927147,0.7183107
0.0,0,0.42667335,11.355124,0.78199637
0.0,0,0.3811849,9.491583,0.9453757
1.0,0,0.37631288,21.59017,0.97190285
0.0,0,0.41054696,16.459116,0.8077508
0.0,0,0.43112049,11.730313,0.6594487
1.0,0,0.39589,30.453766,0.8613352
0.0,0,0.41759375,7.624499,0.72247535
0.0,0,0.4214173,12.252524,0.8423088
1.0,0,0.3997172,25.751368,0.6931981
0.0,0,0.42814445,19.55169,1.1029835
1.0,0,0.4242107,23.796186,1.1567726
0.0,0,0.39296904,15.740862,0.83232945
1.0,0,0.42625207,21.214476,0.5514677
0.0,0,0.4084439,5.589233,0.704857
1.0,0,0.36055905,25.770847,1.4377463
0.0,0,0.38110456,18.348806,0.97509706
0.0,0,0.4287243,18.453196,0.7798766
0.0,0,0.4075426,12.126764,0.8580101
0.0,0,0.40356466,13.566845,0.7539197
0.0,0,0.35001233,9.670188,1.2011963
1.0,0,0.38104162,21.630707,1.0712993
0.0,0,0.39329523,11.747437,1.006005
0.0,0,0.33099252,11.862737,1.330881
0.0,0,0.44662082,17.240335,0.7089644
1.0,0,0.43798685,29.016113,1.0354464
0.0,0,0.3831958,19.70742,1.1984427
0.0,0,0.39402846,8.714114,0.76883495
0.0,0,0.3698866,15.467008,0.9606221
0.0,0,0.43222004,17.120167,0.55712163
0.0,0,0.39614773,16.41358,0.80535287
0.0,0,0.36556184,17.496563,1.3184252
1.0,0,0.4108312,27.303823,0.87393284
0.0,0,0.40692136,18.808704,1.0137191
1.0,0,0.44276875,29.98023,1.1799988
0.0,0,0.37711662,17.141384,0.81155455
0.0,0,0.29155737,9.17222,1.7778903
0.0,0,0.3603865,8.884796,0.93089235
1.0,0,0.38999534,25.150576,1.0417318
0.0,0,0.4521199,18.955297,0.84556526
1.0,0,0.40407273,23.60228,0.880216
0.0,0,0.35701734,0.31604436,0.98405504
0.0,0,0.35585806,6.351241,1.1413004
1.0,0,0.37654573,20.329115,1.3854728
0.0,0,0.42979595,4.760964,0.7617978
0.0,0,0.3489188,10.491214,1.2106324
1.0,0,0.41842785,22.855093,0.81395537
0.0,0,0.38123608,17.458456,1.4230154
0.0,0,0.4272776,18.896759,0.51542634
0.0,0,0.40509424,13.485829,0.76202965
1.0,0,0.35751006,25.142252,1.3601305
1.0,0,0.38012013,23.853664,1.2463634
1.0,0,0.35149664,22.346306,1.026253
0.0,0,0.40909374,13.815854,0.7952427
1.0,0,0.39590636,21.30655,0.90530074
1.0,0,0.41136694,32.78051,1.0625377
0.0,0,0.38500383,11.931205,1.1338928
0.0,0,0.42469174,19.462782,0.74627197
1.0,0,0.31131208,21.813593,1.5826598
0.0,0,0.31131268,6.2500057,1.5770774
0.0,0,0.3692416,12.695861,1.1446732
0.0,0,0.393644,9.927262,0.7674921
1.0,0,0.3993936,26.064066,0.7617675
0.0,0,0.40848422,16.402454,0.77076614
0.0,0,0.40911385,10.514958,0.94567096
0.0,0,0.39278784,14.472637,0.7624518
1.0,0,0.41749585,21.092709,0.90094876
0.0,0,0.3483798,9.92253,1.0755275
0.0,0,0.3814624,7.2166133,0.9848652
1.0,0,0.41381398,21.481768,0.71789163
0.0,0,0.41389063,10.897653,0.9502238
0.0,0,0.3411749,6.2842817,1.2866979
0.0,0,0.40823072,14.311186,0.74200046
0.0,0,0.34228477,12.325021,1.2488695
0.0,0,0.42655137,13.266741,0.65700763
0.0,0,0.32713038,14.564349,1.6978338
0.0,0,0.38335562,11.651754,0.89217865
0.0,0,0.40433487,14.665305,0.78685963
0.0,0,0.40154988,15.123228,0.7588253
0.0,0,0.38380495,13.212596,0.967309
0.0,0,0.39068365,17.863194,1.0106221
0.0,0,0.41212678,19.242943,0.82858205
0.0,0,0.4191122,10.694746,0.74913734
0.0,0,0.41696513,11.186681,0.5849315
1.0,0,0.37467337,24.870092,1.190895
1.0,0,0.3805341,30.388258,1.190447
0.0,0,0.4003182,8.098376,0.89783835
0.0,0,0.36546865,3.2820659,0.8624932
1.0,0,0.41363218,21.216406,0.88998646
0.0,0,0.397537,8.089205,1.0943108
0.0,0,0.40390632,17.767689,0.75123006
0.0,0,0.3633052,15.416885,1.1791347
1.0,0,0.41353408,22.097797,0.95584726
0.0,0,0.36218908,15.771413,0.8904712
0.0,0,0.43502545,16.050863,0.88434577
1.0,0,0.39728433,26.756336,0.71654916
1.0,0,0.42401755,21.643406,0.8486786
0.0,0,0.338005,16.40616,1.0036999
0.0,0,0.42346916,12.790738,0.8466576
0.0,0,0.4257357,15.371042,0.7344283
1.0,0,0.4304441,23.102295,0.72829723
0.0,0,0.38603798,17.818851,1.0813938
1.0,0,0.38066757,21.134455,1.5200349
0.0,0,0.41847023,17.409065,0.72049767
0.0,0,0.38725427,15.269097,1.0487157
0.0,0,0.39802372,5.8525796,0.83575857
0.0,0,0.3803806,10.926175,1.0120019
1.0,0,0.370514,23.065327,1.2001915
0.0,0,0.39198136,17.866127,1.0510175
1.0,0,0.36411494,32.164387,1.3108917
1.0,0,0.35089007,26.837793,1.5107934
0.0,0,0.37644196,14.840871,1.6221482
1.0,0,0.39195684,21.978172,1.194815
1.0,0,0.39446458,25.157724,1.0238864
0.0,0,0.43649903,8.033407,0.66783327
0.0,0,0.40841022,6.1853266,0.8252665
0.0,0,0.38329095,13.784214,1.0198045
0.0,0,0.38153872,5.2928553,0.90913576
0.0,0,0.35282126,6.4192376,1.4116681
0.0,0,0.39535585,16.414942,1.035742
0.0,0,0.3859696,13.086126,0.8515892
1.0,0,0.3694937,20.4296,1.0506039
0.0,0,0.42873064,16.378992,0.5649977
0.0,0,0.37873593,16.798286,0.86636835
0.0,0,0.3789087,8.101934,1.0618887
0.0,0,0.35254923,12.736999,1.2590965
1.0,0,0.41487947,24.04186,0.6889906
0.0,0,0.34747466,0.0,1.2309055
1.0,0,0.3846789,24.427088,0.840723
0.0,0,0.40466276,19.44234,1.2694522
0.0,0,0.4102536,19.87069,0.74720305
0.0,0,0.36842123,18.520748,1.2139378
0.0,0,0.37131864,14.656043,0.91483307
0.0,0,0.3867434,18.33085,1.2663997
0.0,0,0.40779835,11.227819,0.9970567
1.0,0,0.40474495,29.437307,0.98840773
0.0,0,0.38342807,4.9672713,1.2324681
1.0,0,0.41655058,24.280458,1.2970966
1.0,0,0.3498954,20.093843,1.1767727
0.0,0,0.3341154,17.56458,1.680258
0.0,0,0.40181696,12.6601,0.70677775
0.0,0,0.4084829,17.490215,0.7439455
0.0,0,0.35677463,0.0,1.204171
0.0,0,0.42072135,10.297187,0.8166914
0.0,0,0.38511577,17.11161,0.91253185
1.0,0,0.41554284,21.542015,0.6733929
0.0,0,0.38831154,7.633881,0.8006277
0.0,0,0.4043785,4.101041,0.93702126
1.0,0,0.40401983,20.430983,0.8829186
0.0,0,0.3970711,12.405547,0.730626
0.0,0,0.4246104,0.0,0.7371273
0.0,0,0.403352,19.236988,0.9501903
0.0,0,0.36934805,11.972403,0.8776207
0.0,0,0.3491456,16.799341,1.1700027
1.0,0,0.39993846,23.948235,1.1176258
0.0,0,0.38139758,13.04652,1.2888004
0.0,0,0.36718106,11.302557,1.1341567
1.0,0,0.44024077,24.679459,0.7872412
0.0,0,0.3835535,15.633423,1.0550402
0.0,0,0.3485465,16.422678,1.1107054
0.0,0,0.36974895,13.0141945,0.93947685
0.0,0,0.40066957,14.168854,0.85215765
1.0,0,0.40154526,25.257263,1.1104522
1.0,0,0.3785664,20.306068,1.1440482
0.0,0,0.45413783,12.109589,0.45550668
1.0,0,0.4468491,26.626684,0.93788314
0.0,0,0.39722553,15.011577,0.78064084
0.0,0,0.43561515,13.400676,0.64449793
0.0,0,0.3608078,9.779199,1.0850586
0.0,0,0.4353532,10.581304,0.5973118
1.0,0,0.35325542,21.497444,1.040529
0.0,0,0.32134074,13.944614,1.2762716
0.0,0,0.38528082,18.942259,1.1767282
1.0,0,0.4203238,22.269785,1.039721
1.0,0,0.39129984,22.273676,0.77844614
1.0,0,0.40732852,23.823019,1.1623994
1.0,0,0.4241481,28.651442,1.1169363
1.0,0,0.38276243,20.719036,1.0951831
1.0,0,0.3644061,30.62105,1.3832479
0.0,0,0.34889963,7.9757314,1.017178
0.0,0,0.36931893,9.961283,0.93736875
1.0,0,0.41300088,23.937042,0.72157776
0.0,0,0.37136194,18.18181,1.3895409
0.0,0,0.39054862,8.440948,0.76713765
0.0,0,0.43571195,16.477102,0.73200595
0.0,0,0.4005264,7.6846404,0.9530164
0.0,0,0.3819814,11.986135,0.89082164
0.0,0,0.3625134,11.061694,1.0425572
0.0,0,0.426792,10.338378,0.7263197
0.0,0,0.3837272,17.347738,1.186389
0.0,0,0.39552212,6.253508,0.69660586
1.0,0,0.3894186,30.07874,0.9420961
0.0,0,0.35672858,9.802556,1.0519323
1.0,0,0.4023088,21.681545,1.0519435
0.0,0,0.41992897,8.334403,0.79123604
0.0,0,0.37311733,7.675539,0.9150996
0.0,0,0.35393322,0.0,1.1847101
0.0,0,0.37969425,15.921987,0.83423746
1.0,0,0.38104436,23.64163,0.8300086
0.0,0,0.37355408,11.228117,1.1829286
0.0,0,0.39662334,14.78189,0.7439565
1.0,0,0.38795865,24.099892,1.1878461
0.0,0,0.40174246,9.931496,0.82694095
0.0,0,0.36165088,16.986568,1.7762583
0.0,0,0.36858666,14.446065,1.243437
0.0,0,0.4029631,14.015822,0.66731024
1.0,0,0.43549448,21.413115,0.85631263
0.0,0,0.39812097,13.2479,0.8198395
0.0,0,0.3636029,18.140852,1.1429862
0.0,0,0.37770844,12.149961,0.8658396
0.0,0,0.36029485,17.666779,1.1713716
0.0,0,0.34922132,16.008997,1.0741975
0.0,0,0.4110162,13.238703,0.5848817
0.0,0,0.43160072,14.781744,0.615071
0.0,0,0.3744299,5.5888834,1.0085169
0.0,0,0.39187464,0.0,0.95725286
1.0,0,0.42603722,26.72239,1.1656966
1.0,0,0.37329122,21.424337,1.2014543
0.0,0,0.3529882,12.2118635,1.0155898
1.0,0,0.38349667,24.829435,1.4340694
0.0,0,0.30983984,19.084927,1.4970328
1.0,0,0.41118744,23.473284,0.9818492
0.0,0,0.40967026,10.657086,0.8078549
0.0,0,0.3835495,10.443685,0.83129776
0.0,0,0.36295804,1.0394119,1.0807916
1.0,0,0.43169478,25.57187,0.8289476
1.0,0,0.40840942,22.750841,0.8649479
1.0,0,0.4079113,28.410173,1.1448208
0.0,0,0.42998755,15.942439,0.820765
1.0,0,0.38995862,32.638905,1.1710286
1.0,0,0.42686972,22.306442,0.7617839
0.0,0,0.3681235,0.0,1.199149
0.0,0,0.3460556,10.027612,0.960413
0.0,0,0.343454,5.494484,1.2727681
0.0,0,0.30955723,12.244016,1.3978488
1.0,0,0.38895017,23.714869,1.1496878
1.0,0,0.44141805,23.217813,0.5924475
0.0,0,0.37252688,10.602149,1.1280845
1.0,0,0.3420952,20.49089,1.049047
0.0,0,0.3479036,5.5377107,1.1535854
0.0,0,0.39951402,17.905436,0.96508396
0.0,0,0.36905763,10.471725,0.8862565
1.0,0,0.38676414,21.714668,1.0802405
1.0,0,0.41755608,22.31437,0.6755482
1.0,0,0.39415815,25.35843,1.0592436
1.0,0,0.42678845,21.337378,0.6625841
1.0,0,0.4078054,21.31931,1.0204271
0.0,0,0.39410383,17.284239,0.9519901
0.0,0,0.4131631,16.932446,1.0227091
1.0,0,0.35122892,24.722376,1.0769953
0.0,0,0.42292035,17.740948,0.7344352
1.0,0,0.37412003,22.257082,1.051607
0.0,0,0.39865074,14.06763,1.0186344
1.0,0,0.43231004,29.388712,1.0318483
0.0,0,0.39498293,3.2334433,0.8807676
0.0,0,0.37333798,11.406726,0.90195906
0.0,0,0.39564008,18.96831,1.1460596
0.0,0,0.42102525,19.97075,0.8320307
1.0,0,0.39154413,26.405022,0.96317124
0.0,0,0.35119298,6.9302278,1.2135068
1.0,0,0.42584637,30.013117,0.9675752
0.0,0,0.40487576,17.739006,0.83468914
0.0,0,0.3627606,4.0641427,1.0307729
0.0,0,0.39431846,9.279187,0.7918525
0.0,0,0.37689826,0.39734754,1.2975988
0.0,0,0.36458433,6.643232,0.9000391
0.0,0,0.40787396,0.54482734,0.7697643
0.0,0,0.38819212,17.201246,0.80945957
0.0,0,0.44652575,13.798294,0.61598086
1.0,0,0.40540966,20.162985,0.86397505
0.0,0,0.39649507,11.699122,0.82403064
0.0,0,0.43300217,11.321746,0.66643
0.0,0,0.4415765,9.058499,0.6426523
0.0,0,0.33039773,6.315447,1.2091511
0.0,0,0.4296946,13.279966,0.65992105
1.0,0,0.3765601,23.027248,0.9154519
0.0,0,0.41702434,16.010069,1.0611972
1.0,0,0.3798228,23.00395,0.90703714
0.0,0,0.38628078,10.849293,1.016021
0.0,0,0.35245013,16.08177,1.1248218
0.0,0,0.42368463,19.56018,0.813167
0.0,0,0.39636764,11.058647,0.8166637
0.0,0,0.4233405,13.922827,1.022392
0.0,0,0.40294272,12.72064,1.1096814
0.0,0,0.4547624,16.12816,0.43854523
1.0,0,0.42059782,26.97298,1.0411761
0.0,0,0.3509905,5.6787443,1.0110552
1.0,0,0.3725804,27.598646,0.9743576
0.0,0,0.38655847,12.046362,0.8080726
1.0,0,0.4405292,32.960712,0.7130357
0.0,0,0.38171872,18.929474,1.1366241
0.0,0,0.3556211,14.1696615,1.398566
0.0,0,0.38900495,13.414747,0.8988893
0.0,0,0.41772366,13.137142,0.6000601
1.0,0,0.39933658,20.164167,1.0108058
0.0,0,0.39752913,19.243614,0.93420553
0.0,0,0.40142873,14.313447,0.7434037
1.0,0,0.43928075,24.484715,1.0145295
1.0,0,0.42731166,31.092104,0.65847087
0.0,0,0.39628288,11.457198,1.1715811
0.0,0,0.39739448,8.140479,0.80949646
0.0,0,0.34369376,10.551523,1.3171237
0.0,0,0.43042213,19.39876,0.6349975
1.0,0,0.41720495,21.871529,0.6911297
0.0,0,0.37839597,8.230633,0.83458555
0.0,0,0.35348874,9.183812,1.1004131
0.0,0,0.42644697,16.837679,0.6690484
0.0,0,0.38985652,11.758809,0.8685358
0.0,0,0.3912546,14.473314,0.95082235
0.0,0,0.2983671,3.5772848,1.53652
0.0,0,0.33353248,15.325541,1.3132389
0.0,0,0.3812831,19.857407,0.9904928
0.0,0,0.4224393,13.64314,0.83829296
1.0,0,0.3769133,24.367495,1.376384
0.0,0,0.348675,13.927504,1.2605962
1.0,0,0.40123025,22.436804,1.0500207
0.0,0,0.41193765,7.4232664,0.6084882
0.0,0,0.38172984,6.201815,0.97765493
0.0,0,0.38085192,12.175799,0.8865965
1.0,0,0.40086225,28.486399,1.044767
0.0,0,0.41613966,16.958317,1.1472756
0.0,0,0.38401592,11.777089,0.9036903
0.0,0,0.39554077,13.390401,0.72375554
0.0,0,0.41415477,15.008509,1.0406739
1.0,0,0.36899945,22.567623,1.1640096
0.0,0,0.32951078,12.937062,1.4011433
1.0,0,0.40633103,26.674416,0.9308778
0.0,0,0.4186838,19.160627,0.8010753
1.0,0,0.34904522,27.573372,1.1725283
0.0,0,0.44133306,17.218857,0.6358489
0.0,0,0.42007348,19.336786,0.7300309
0.0,0,0.3958066,16.339678,0.95475316
1.0,0,0.2712068,25.917818,2.0640004
0.0,0,0.39658135,4.937559,0.639205
1.0,0,0.3983667,22.244978,0.74439126
1.0,0,0.36757347,20.437809,1.3470185
0.0,0,0.35049388,11.737414,1.4480238
1.0,0,0.35138255,22.427164,1.2634758
0.0,0,0.39661032,9.001248,1.2233582
0.0,0,0.369714,16.540012,1.3981614
0.0,0,0.34251535,14.313622,1.2449373
1.0,0,0.3752345,24.587732,1.3047808
0.0,0,0.36628404,18.791752,0.99388707
1.0,0,0.4029701,29.263504,0.78049815
0.0,0,0.4278249,18.245441,1.0265383
1.0,0,0.41478613,26.520926,0.9271307
0.0,0,0.42368495,16.05821,0.63374746
0.0,0,0.42286223,18.55718,0.57878566
0.0,0,0.38356292,19.761467,1.2006346
1.0,0,0.40242806,29.036575,1.1049604
0.0,0,0.38794643,5.0628643,0.806656
0.0,0,0.42947483,12.856604,0.6318222
0.0,0,0.41278848,10.980167,0.6969989
1.0,0,0.42312098,21.080238,0.8263015
0.0,0,0.40628275,14.68851,0.8379895
1.0,0,0.4048728,33.50624,0.7596626
0.0,0,0.37860572,13.723803,1.0138166
0.0,0,0.40407768,15.4392805,1.3450775
0.0,0,0.3508792,17.761896,1.4023234
0.0,0,0.40223604,16.413746,0.8023353
0.0,0,0.42921048,10.5734215,0.58220166
1.0,0,0.37487164,27.997192,1.129777
1.0,0,0.33634663,22.70924,1.16835
0.0,0,0.38433665,10.590468,1.0197027
1.0,0,0.4242229,22.067171,0.8232068
0.0,0,0.38052657,16.022566,0.927618
0.0,0,0.36311233,12.807488,1.0155835
0.0,0,0.37562776,18.165133,1.0387203
0.0,0,0.33076715,9.947659,1.3287911
0.0,0,0.4076224,17.489508,1.079077
1.0,0,0.41191044,22.14228,1.3649799
0.0,0,0.31715173,12.763746,1.4736404
0.0,0,0.42614037,14.886021,0.95646024
1.0,0,0.43120077,26.492428,0.80470085
0.0,0,0.34471604,5.387484,1.3255064
1.0,0,0.40368578,21.741482,0.84614456
0.0,0,0.44049245,10.383045,0.69848955
0.0,0,0.34607792,15.769619,1.2010796
1.0,0,0.4189008,28.46951,0.9108403
0.0,0,0.3926895,15.6971245,0.8832209
1.0,0,0.45290047,21.480453,0.558325
0.0,0,0.4179293,18.002958,1.0927538
1.0,0,0.42863184,27.356647,0.8089716
1.0,0,0.38202858,28.645775,1.2377366
0.0,0,0.34340665,17.064346,1.0871108
1.0,0,0.36097202,21.501019,1.0791966
1.0,0,0.41193193,24.643074,0.93777466
1.0,0,0.3748019,20.706112,1.0976229
0.0,0,0.43065485,7.3600283,0.601768
0.0,0,0.40223762,18.307547,0.9843302
0.0,0,0.40655023,19.92026,0.84940636
0.0,0,0.40652722,11.91743,0.8554414
0.0,0,0.35735768,5.7837963,1.150966
0.0,0,0.38933146,2.7287292,0.7417159
0.0,0,0.4252296,17.38946,1.1827496
0.0,0,0.40091956,15.638549,0.82173944
0.0,0,0.41726634,15.534731,0.7407114
0.0,0,0.41564924,5.5334196,0.6256081
0.0,0,0.39677233,16.969011,0.77168196
0.0,0,0.3648613,13.784805,1.0686123
0.0,0,0.396073,14.011557,0.90815586
0.0,0,0.4200114,17.828335,0.7282679
0.0,0,0.40870038,6.4454746,0.75506663
0.0,0,0.41525912,8.96445,0.7421096
0.0,0,0.39281723,12.502995,1.0964426
0.0,0,0.413035,10.862491,0.8025856
0.0,0,0.3070971,16.523735,1.4051961
0.0,0,0.38097715,10.37487,1.0108821
0.0,0,0.36647367,16.184969,1.1948124
0.0,0,0.3736613,0.0,1.0557842
1.0,0,0.41199732,23.31669,0.6392487
1.0,0,0.3535325,33.394764,1.442282
1.0,0,0.36839002,23.55728,0.9761119
1.0,0,0.39662805,25.193502,0.8851106
0.0,0,0.43193135,18.924353,0.9014199
1.0,0,0.36759928,30.468506,1.169023
0.0,0,0.41214722,0.46401948,0.6630857
1.0,0,0.34017593,24.617413,1.4244326
0.0,0,0.33671805,7.6238713,1.1151551
0.0,0,0.35917047,11.8159485,1.2217271
0.0,0,0.43583867,9.025994,0.57117736
1.0,0,0.43515733,27.003302,1.0826242
1.0,0,0.39028087,25.993542,1.2356185
0.0,0,0.3828224,13.682065,0.76617837
0.0,0,0.3623322,1.0105448,0.93982995
1.0,0,0.42090562,21.865343,1.01097
0.0,0,0.4143945,5.2492156,0.89213365
0.0,0,0.35804513,4.5505757,1.3077183
0.0,0,0.38658723,15.844271,0.88247657
0.0,0,0.41784525,13.697542,0.688998
0.0,0,0.39313436,3.6662736,0.8377882
0.0,0,0.32907236,12.140357,1.3454974
1.0,0,0.38574848,30.532154,1.4632447
0.0,0,0.3695075,9.996214,1.0556561
1.0,0,0.41175172,28.768059,1.169601
0.0,0,0.37564772,11.843713,0.97648764
1.0,0,0.40091786,25.606853,0.6736045
0.0,0,0.41937378,15.533351,0.67314994
0.0,0,0.4127188,14.819062,0.7615105
0.0,0,0.38924262,6.893712,0.87072194
1.0,0,0.39449704,29.887316,1.1770728
1.0,0,0.3426273,22.052294,2.0053794
0.0,0,0.3820933,19.388618,0.7959862
0.0,0,0.3848832,18.375292,0.8775129
0.0,0,0.37813318,1.9524919,0.9146061
0.0,0,0.37493977,12.926142,0.93411696
0.0,0,0.3940397,9.845656,0.7014501
0.0,0,0.40359724,15.950336,0.76790607
0.0,0,0.3826447,9.649982,0.8107126
1.0,0,0.41910592,21.466179,1.2693379
0.0,0,0.4015465,2.4534776,0.6981646
0.0,0,0.4042793,10.333332,0.92105174
0.0,0,0.4258685,11.563336,0.74170315
0.0,0,0.3997558,15.611877,0.7179915
0.0,0,0.41684085,7.081258,0.7476158
0.0,0,0.4122767,18.920784,1.1306005
0.0,0,0.3993236,8.701212,1.1806664
1.0,0,0.3784554,25.691301,1.2127669
0.0,0,0.4190459,12.170255,0.78052026
1.0,0,0.4421138,20.688921,0.98435843
1.0,0,0.3879138,34.823967,1.4692569
1.0,0,0.35035652,34.510918,1.3153939
0.0,0,0.44118538,1.324702,0.7906343
1.0,0,0.43356693,25.93587,1.1101532
0.0,0,0.38106626,0.0,0.8924706
0.0,0,0.33995435,14.241848,1.2832768
1.0,0,0.41739893,22.286444,0.91812015
0.0,0,0.4393322,9.779516,0.62399334
0.0,0,0.38721532,13.747562,0.8517362
0.0,0,0.3679591,12.474387,1.0834917
1.0,0,0.35107276,26.118696,1.3235428
0.0,0,0.41923052,12.372145,0.7012749
0.0,0,0.42567807,18.875496,0.95602643
0.0,0,0.40518108,2.877239,0.7108602
0.0,0,0.41311413,13.319015,1.1009758
0.0,0,0.40973756,14.731247,0.655137
0.0,0,0.42058778,14.271953,0.89007235
0.0,0,0.39419714,19.385334,1.001426
0.0,0,0.41594562,14.430304,0.7604488
0.0,0,0.3925298,17.778156,0.8362598
0.0,0,0.3357158,12.052087,1.4719664
0.0,0,0.41895154,14.522953,0.6263443
0.0,0,0.39715666,17.514742,0.94870555
0.0,0,0.36755532,11.296205,0.93877757
0.0,0,0.3516456,17.446453,1.1234674
1.0,0,0.34209973,21.721992,1.1591339
1.0,0,0.4105231,26.496508,1.4770458
0.0,0,0.44108367,9.290099,0.54866517
0.0,0,0.37119433,16.109524,1.0894938
0.0,0,0.39577106,7.1195116,0.8991905
0.0,0,0.37446934,3.7632792,0.8197739
0.0,0,0.40295815,12.992956,0.9428295
0.0,0,0.40153456,3.3111923,0.7046062
0.0,0,0.37332177,0.0,0.89361364
1.0,0,0.3618289,25.151892,1.5290289
0.0,0,0.36450568,9.396805,0.96705437
0.0,0,0.3756631,8.313301,1.0582265
0.0,0,0.3852922,9.4596,0.8432796
0.0,0,0.3823572,13.068546,1.1146257
0.0,0,0.4143951,18.4748,0.6539376
0.0,0,0.38604113,13.129393,1.0480618
0.0,0,0.40904108,10.34079,0.75783825
0.0,0,0.39289814,13.878779,0.7698306
0.0,0,0.39842787,9.759217,0.9689375
0.0,0,0.2927899,6.7185645,1.5383228
0.0,0,0.39914018,12.5304365,0.8385379
1.0,0,0.39145705,21.881721,1.0881753
0.0,0,0.3510604,12.475271,0.9828447
1.0,0,0.3529547,23.26969,1.09316
1.0,0,0.434744,29.568016,1.189265
1.0,0,0.33371764,20.430252,1.5440638
1.0,0,0.3797273,23.707243,1.4805429
1.0,0,0.3959628,22.387815,0.78735065
0.0,0,0.3903557,19.1632,1.3264092
0.0,0,0.40952116,11.431648,0.8670421
1.0,0,0.38870966,20.821075,0.7277532
0.0,0,0.40097556,18.971468,0.82396936
1.0,0,0.40300697,23.18522,0.8420328
1.0,0,0.40635538,27.558186,0.62564135
0.0,0,0.37953326,19.154863,1.0027494
0.0,0,0.39112863,18.671633,0.81085354
0.0,0,0.42275065,18.280533,0.6549974
0.0,0,0.37818047,14.479411,1.0838364
0.0,0,0.44528776,13.844283,0.48143244
0.0,0,0.3936772,9.164205,1.2623036
0.0,0,0.41607928,13.487336,0.5433903
0.0,0,0.3887038,11.62314,0.8802769
0.0,0,0.4091855,10.09055,0.79627866
0.0,0,0.41806108,13.332508,0.60925305
0.0,0,0.3542653,12.838105,1.253963
0.0,0,0.38520473,13.21831,0.9397235
0.0,0,0.3590935,10.762621,1.2191792
1.0,0,0.3981896,26.978392,1.1489153
1.0,0,0.42468444,20.267933,0.78281474
0.0,0,0.39681438,17.606068,0.9094386
1.0,0,0.35893235,21.665165,1.6481955
0.0,0,0.37931284,13.955951,1.3430817
0.0,0,0.36371893,1.9316809,1.0125418
0.0,0,0.3613162,3.7795825,0.918977
0.0,0,0.429266,12.4625845,0.5105119
0.0,0,0.39085916,16.989595,0.83569026
1.0,0,0.44372788,20.133244,0.6691634
0.0,0,0.3250244,13.022845,1.6174144
0.0,0,0.40500262,17.893892,0.7524229
0.0,0,0.37366357,13.571297,0.9471717
0.0,0,0.36306393,14.625855,1.0510303
0.0,0,0.34704897,1.422972,1.0704877
0.0,0,0.3675516,19.469225,0.94214296
0.0,0,0.4126871,17.356743,0.7884661
0.0,0,0.37633553,13.048961,1.1901686
0.0,0,0.33990005,7.184155,1.1851617
0.0,0,0.4107587,14.380713,1.0260566
1.0,0,0.39607432,24.723099,0.96204233
0.0,0,0.41208595,19.049734,1.1534057
1.0,0,0.4051489,21.755293,1.0917059
0.0,0,0.34739408,0.0,1.2708316
0.0,0,0.3748821,4.882548,0.99287295
1.0,0,0.37581685,28.34738,0.9131199
0.0,0,0.35074213,13.019963,0.98727596
1.0,0,0.4280019,37.071693,0.6308624
1.0,0,0.36082575,27.072384,0.97802126
0.0,0,0.39015424,14.693127,0.81165457
1.0,0,0.40752682,28.628347,0.96041954
0.0,0,0.35157195,7.4829316,1.0412978
0.0,0,0.41975498,15.601544,1.3516767
0.0,0,0.43140882,10.468483,0.6580071
0.0,0,0.395488,8.787187,0.7049204
0.0,0,0.3535281,5.696805,0.88513523
0.0,0,0.37844756,14.687118,1.0103729
1.0,0,0.42716405,20.366852,0.79735756
0.0,0,0.35609016,16.082676,1.2462322
0.0,0,0.39464173,15.627441,0.7866173
0.0,0,0.34388676,19.380424,1.4034661
0.0,0,0.40497005,19.72593,0.88382065
0.0,0,0.35612917,15.553874,1.1449262
0.0,0,0.32908288,8.176701,1.1303867
0.0,0,0.4554887,14.997082,0.5431182
0.0,0,0.39212337,14.960199,0.79959846
0.0,0,0.38232157,9.450568,0.9167185
1.0,0,0.3872061,20.51715,1.0578939
0.0,0,0.37193838,6.1420846,0.9459797
1.0,0,0.38332036,22.205673,1.1603947
0.0,0,0.42291752,11.548655,0.57549125
0.0,0,0.37318143,0.0,0.9064165
0.0,0,0.38809198,16.57299,0.6911336
0.0,0,0.43447965,14.35832,1.0559237
0.0,0,0.38539338,11.35056,1.3354125
0.0,0,0.3400559,17.046099,1.1864395
0.0,0,0.36438015,10.797834,0.9015007
0.0,0,0.39182052,16.425636,1.2268448
0.0,0,0.41101092,18.22253,0.68244594
0.0,0,0.41592407,10.810875,0.9039775
1.0,0,0.35930926,34.18269,1.1930618
0.0,0,0.34210703,14.176029,1.2926233
1.0,0,0.42166048,24.780653,0.97621167
0.0,0,0.4250382,10.674043,1.4529132
0.0,0,0.4288695,19.71068,0.7441938
0.0,0,0.3898527,11.830608,0.83430934
1.0,0,0.39605725,24.169828,1.0625143
0.0,0,0.42743593,1.5562996,0.5600226
0.0,0,0.36051002,18.592417,1.1193053
0.0,0,0.39906076,11.424733,0.9112874
0.0,0,0.4147502,13.104477,0.8228582
0.0,0,0.35568714,0.14161718,1.2399287
1.0,0,0.40413105,22.330088,0.945529
0.0,0,0.3687967,12.784496,0.9493412
0.0,0,0.42122817,13.403728,1.0375898
0.0,0,0.42991313,11.01399,0.7360783
0.0,0,0.42364773,10.546635,0.7889706
0.0,0,0.34816256,18.654741,1.1357155
0.0,0,0.39567956,10.051293,0.6985791
0.0,0,0.42008194,8.925104,0.7793193
0.0,0,0.38816866,14.487704,0.9445609
0.0,0,0.38824221,19.95056,1.5122149
1.0,0,0.41376308,28.904993,0.8142115
1.0,0,0.36945686,26.707815,1.1334182
0.0,0,0.3967477,15.147788,0.96465087
0.0,0,0.39689878,11.445893,0.74936813
1.0,0,0.38833195,36.12679,1.203953
0.0,0,0.4568538,8.343111,0.79138964
0.0,0,0.37633714,18.581068,1.0529041
0.0,0,0.3556095,12.383386,1.1347063
0.0,0,0.38310987,19.830786,0.85371476
0.0,0,0.3622456,12.023242,1.0495903
0.0,0,0.34310997,19.06958,1.1335064
1.0,0,0.4209144,21.891546,0.8556278
0.0,0,0.3820553,3.6827233,0.8875413
1.0,0,0.40680134,25.94779,0.69079745
1.0,0,0.42524698,22.56246,0.7040262
0.0,0,0.40506944,1.59336,0.83491814
0.0,0,0.34569123,8.404118,1.3884073
1.0,0,0.34774038,26.230429,1.7201098
0.0,0,0.31610328,12.835955,1.5767617
0.0,0,0.35982102,14.189244,1.0221598
1.0,0,0.3320077,28.46366,1.8322618
0.0,0,0.37380657,12.65888,0.9137909
0.0,0,0.41789788,15.628202,0.79553884
0.0,0,0.42325535,8.996586,0.78230643
0.0,0,0.38712305,17.846996,1.5639349
0.0,0,0.29165515,12.388986,1.9747493
0.0,0,0.3757139,1.9346541,1.028028
1.0,0,0.3578492,23.768927,1.3238385
0.0,0,0.43701738,1.8178033,0.48953354
0.0,0,0.39096755,9.515552,0.8404362
0.0,0,0.40966,9.48293,0.88310504
0.0,0,0.37048143,18.968264,0.9048449
0.0,0,0.3622877,12.355193,1.1262258
0.0,0,0.38449985,12.350217,0.77696276
0.0,0,0.3710839,9.355713,1.3022273
1.0,0,0.32761192,21.535385,1.6869919
0.0,0,0.3714377,16.305368,1.0517604
1.0,0,0.378,25.74378,0.76338965
0.0,0,0.4122898,8.227308,0.69673556
0.0,0,0.41421288,12.899841,1.0296588
0.0,0,0.39078093,16.807314,1.1082695
0.0,0,0.4008344,7.4853935,0.7034832
0.0,0,0.4107471,7.6645565,0.79356
0.0,0,0.3933527,11.962403,1.0456451
0.0,0,0.4425022,12.344586,0.9135237
0.0,0,0.42252412,16.285908,0.7199264
1.0,0,0.35331535,25.60433,0.9430249
0.0,0,0.39868438,16.886625,1.0338272
1.0,0,0.3772884,23.188086,1.2538748
0.0,0,0.38068968,15.435054,1.1552112
1.0,0,0.39363828,22.38463,0.8688227
1.0,0,0.42111748,21.037165,0.5731536
0.0,0,0.3981821,8.873043,0.8780794
1.0,0,0.39248276,26.518185,0.9505279
0.0,0,0.37430987,17.332443,0.94022214
0.0,0,0.42134517,16.918095,0.6384227
1.0,0,0.37384933,26.751955,1.6784251
0.0,0,0.414681,15.907645,0.55678284
0.0,0,0.3530606,14.622493,1.1215326
0.0,0,0.36077154,14.591372,1.2628595
0.0,0,0.38761023,15.281009,1.086843
1.0,0,0.395848,21.384806,0.7566174
0.0,0,0.39844385,5.407657,0.6933186
0.0,0,0.36789984,9.504156,0.81829906
1.0,0,0.40116936,20.77535,0.81670904
0.0,0,0.28614968,11.97809,1.6705093
0.0,0,0.36816943,11.624051,1.1177222
0.0,0,0.39227664,15.352011,0.8315704
0.0,0,0.35258925,15.623347,1.2405243
1.0,0,0.428403,23.600616,1.2018731
0.0,0,0.3406338,18.66301,1.3570123
0.0,0,0.42919177,17.406551,0.600222
0.0,0,0.39735255,15.152741,0.8901607
0.0,0,0.40314537,11.204844,1.0153074
1.0,0,0.419856,28.362288,1.194061
0.0,0,0.36933962,16.16674,1.0860465
0.0,0,0.39319164,14.753354,1.2897785
0.0,0,0.3754282,14.681398,1.1282856
1.0,0,0.40499443,25.920359,1.1655178
1.0,0,0.4013697,22.960545,0.85155094
1.0,0,0.41670752,24.409542,0.8368144
0.0,0,0.43041041,16.049747,0.5857618
0.0,0,0.3723072,9.563954,1.374682
0.0,0,0.3849932,16.783127,1.0036604
1.0,0,0.40710056,20.25632,0.77654624
0.0,0,0.38010868,13.613265,0.91885865
0.0,0,0.39650315,9.262918,0.80158496
0.0,0,0.36748546,10.473466,1.0322368
0.0,0,0.39249444,19.81023,0.8680396
1.0,0,0.32708594,20.539413,1.2570282
0.0,0,0.40298352,14.716719,0.7337433
0.0,0,0.40699133,0.0,0.7573286
0.0,0,0.42238775,7.862546,0.8332979
0.0,0,0.36455375,6.485033,0.9727342
1.0,0,0.34933636,24.818653,1.0738627
0.0,0,0.42027003,13.718873,0.6876379
1.0,0,0.4355859,23.430094,0.9736457
0.0,0,0.4162595,16.594599,0.8814383
1.0,0,0.37254608,21.924538,1.1921537
0.0,0,0.40439343,11.830916,1.1476772
1.0,0,0.4062048,29.75901,0.8671952
0.0,0,0.3523007,8.013343,1.1320386
0.0,0,0.39881328,16.318031,1.1900784
1.0,0,0.3965226,26.29267,0.992362
0.0,0,0.39537355,0.2688967,1.1991029
0.0,0,0.37491795,11.643103,0.8087838
0.0,0,0.41162944,12.610952,0.90035516
1.0,0,0.411784,27.281054,0.94159865
0.0,0,0.37113628,19.0492,1.1631246
0.0,0,0.3872656,8.861834,0.76834255
0.0,0,0.39695543,9.531072,0.94557655
1.0,0,0.36075607,21.109167,1.1336426
0.0,0,0.40544,13.831452,0.9202199
1.0,0,0.3889128,22.83089,0.9026071
0.0,0,0.38784617,10.226613,0.96575046
1.0,0,0.42289445,22.544529,0.65211344
0.0,0,0.3748266,1.5425162,1.0375469
0.0,0,0.39802408,16.111387,0.6988844
0.0,0,0.3780638,18.494127,0.8652735
1.0,0,0.35368034,21.845894,1.2205299
0.0,0,0.37735447,10.8951845,1.2809203
0.0,0,0.34670934,0.0,1.2472773
0.0,0,0.3937129,11.207934,1.2115278
0.0,0,0.42074278,8.422815,0.71813726
0.0,0,0.38756335,14.614037,0.78840166
1.0,0,0.34990194,22.36661,1.4698495
0.0,0,0.39625776,17.767586,0.8533112
0.0,0,0.38802907,17.500088,0.73801297
0.0,0,0.38957012,10.380419,0.8144157
0.0,0,0.39160463,9.447224,1.2575686
0.0,0,0.37657145,1.2807404,1.034882
0.0,0,0.37673584,17.82704,1.0564749
0.0,0,0.38273308,8.025998,0.74468505
0.0,0,0.35628888,2.8770611,1.1195948
0.0,0,0.39861816,8.229475,0.81751025
1.0,0,0.4359006,24.513443,0.74918157
1.0,0,0.4155574,27.623003,1.0457833
