endpoint,smiles,y_true,y_prob,predicted_label
Tox21,CCCCCCCCCCOCC(O)CN,0,0.1705931574106216,0
Tox21,CC(C)(C)CC(C)(C)N,0,0.0226895492523908,0
Tox21,O=[N+]([O-])[O-].O=[N+]([O-])[O-].[Ca+2],0,0.1189703643321991,0
Tox21,CCC(COC(=O)CCS)(COC(=O)CCS)COC(=O)CCS,0,0.2580917179584503,0
Tox21,CN1CCc2cccc3c2[C@H]1Cc1ccc(O)c(O)c1-3,0,0.4229800105094909,0
Tox21,CCCC(CCC)C(=O)O[C@@H]1C[C@@H]2CC[C@H](C1)[N+]2(C)C,0,0.4831402599811554,0
Tox21,OCCN1CCN(CCCN2c3ccccc3C=Cc3ccccc32)CC1,0,0.3463133573532104,0
Tox21,CCNC(=O)N1CCN(CCCC(c2ccc(F)cc2)c2ccc(F)cc2)CC1,0,0.3536384999752044,0
Tox21,C[Si](C)(C)N[Si](C)(C)C,0,0.0780966430902481,0
Tox21,CN(C)CCc1c[nH]c2ccc(Cn3cncn3)cc12,0,0.2602495849132538,0
Tox21,CCC[Si](OC)(OC)OC,0,0.1839112490415573,0
Tox21,CCCCCNCCCCC,0,0.1114509999752044,0
Tox21,CC1CN1,0,0.1913225054740905,0
Tox21,Clc1cnc(Oc2ccc(Oc3ncc(Cl)cc3Cl)cc2)c(Cl)c1,0,0.358521044254303,0
Tox21,O=C(O)CCCCCCCCC(=O)O,0,0.2661122977733612,0
Tox21,CCCCCCCC(=O)OC,0,0.1589955240488052,0
Tox21,CO[C@H]1C[C@H](O[C@@H]2[C@@H](C)C(=O)O[C@H](C)[C@H](C)[C@H](OC(C)=O)[C@@H](C)C(=O)[C@@]3(CO3)C[C@H](C)[C@H](O[C@@H]3O[C@H](C)C[C@H](N(C)C)[C@H]3OC(C)=O)[C@H]2C)O[C@@H](C)[C@@H]1OC(C)=O,0,0.4794111549854278,0
Tox21,O.O.O.O.O.O.O=[N+]([O-])[O-].O=[N+]([O-])[O-].[Mg+2],0,0.0464616641402244,0
Tox21,Cc1ccc(C=C2C(=O)C3CCC2C3(C)C)cc1,0,0.5579361915588379,1
Tox21,Cc1ccccc1OCC(O)CNCCOc1ccc(C(N)=O)cc1,0,0.3174360692501068,0
Tox21,O=c1oc2cc(O)ccc2c2oc3cc(O)ccc3c12,0,0.3893527388572693,0
Tox21,COC(=O)c1ccc(C)cc1C1=NC(=O)C(C)(C(C)C)N1,0,0.3080652356147766,0
Tox21,O=C1NCN(c2ccccc2)C12CCN(CCCOc1ccc(F)cc1)CC2,0,0.5022744536399841,1
Tox21,O=C(NC1CCN(CCc2c[nH]c3ccccc23)CC1)c1ccccc1,0,0.376002699136734,0
Tox21,CNc1cc(OC)c(C(=O)N[C@H]2CCN(Cc3ccccc3)[C@H]2C)cc1Cl,0,0.3928447067737579,0
Tox21,COc1cc2c(cc1OC)C1CC(=O)C(CC(C)C)CN1CC2,0,0.3782563507556915,0
Tox21,Cc1occc1SSc1ccoc1C,0,0.2980522513389587,0
Tox21,Nc1cnn([C@@H]2O[C@H](CO)[C@@H](O)[C@H]2O)c(=O)n1,0,0.4257210195064544,0
Tox21,O=C(OC[C@H]1O[C@@H](OC(=O)c2cc(O)c(O)c(OC(=O)c3cc(O)c(O)c(O)c3)c2)[C@H](OC(=O)c2cc(O)c(O)c(OC(=O)c3cc(O)c(O)c(O)c3)c2)[C@@H](OC(=O)c2cc(O)c(O)c(OC(=O)c3cc(O)c(O)c(O)c3)c2)[C@@H]1OC(=O)c1cc(O)c(O)c(OC(=O)c2cc(O)c(O)c(O)c2)c1)c1cc(O)c(O)c(OC(=O)c2cc(O)c(O)c(O)c2)c1,1,0.4218091368675232,0
Tox21,CC1(S(=O)(=O)[O-])CC(=O)c2ccccc2C1=O,0,0.4402585327625274,0
Tox21,CC(C)(N)CO,0,0.0426223538815975,0
Tox21,OCC(CO)(CO)COCC(CO)(CO)CO,0,0.2026762515306472,0
Tox21,COC(=O)CCC(=O)O,0,0.2751208543777466,0
Tox21,CCCC[Sn](CCCC)(OC(C)=O)OC(C)=O,0,0.1757267415523529,0
Tox21,C[NH+](C)CCC(c1ccccc1)c1cccc[nH+]1,0,0.2364570200443267,0
Tox21,C=C(C)C(=O)OCCOP(=O)(O)OCCOC(=O)C(=C)C,0,0.2478611320257187,0
Tox21,C=C(C)OC(C)=O,0,0.2087429165840149,0
Tox21,Cc1cc2c3c(c1)C(c1ccccc1)=N[C@@H](NC(=O)c1ccncc1)C(=O)N3CC2,0,0.3903256952762604,0
Tox21,CCc1cc(C2=C(C(=O)[O-])N(c3ccccc3C(F)(F)F)S(=O)(=O)c3ccccc32)cc2c1OCO2,0,0.376973956823349,0
Tox21,C1CCC2(CCCCO2)OC1,0,0.4321286380290985,0
Tox21,N#CCCC#N,0,0.2837124168872833,0
Tox21,CCN1CC(CCN2CCOCC2)C(c2ccccc2)(c2ccccc2)C1=O,0,0.4716171026229858,0
Tox21,CCCCC(CC)COC(=O)CCCCCCCCC(=O)OCC(CC)CCCC,0,0.1889545768499374,0
Tox21,CCOP(=O)(CC)OCC,0,0.1895232200622558,0
Tox21,NC(=O)CCCCC(N)=O,0,0.2748239934444427,0
Tox21,COc1cc(-c2ccc(=O)[nH]n2)ccc1OC(F)F,0,0.3178946673870086,0
Tox21,CSCCC=O,0,0.1382186859846115,0
Tox21,C/C=C/C=C/C(=O)[O-],0,0.2262219786643982,0
Tox21,CCCCCC=CCC(=O)OC,0,0.1736947894096374,0
Tox21,CCCCCCCC#N,0,0.1571185141801834,0
Tox21,O=C([O-])c1ccc2c(c1)nc(C(=O)NC1CCN(C3CC3)CC1)n2Cc1cc(-c2ccc(Cl)s2)on1,0,0.4560782611370086,0
Tox21,CCOC(=O)c1ccc([C@H]2CC[C@H](NC[C@H](O)COc3ccc(O)c(NS(C)(=O)=O)c3)CC2)cc1,0,0.3706313669681549,0
Tox21,c1ccc(CN(Cc2ccccc2)Cc2ccccc2)cc1,0,0.3153225779533386,0
Tox21,O=S(=O)([O-])[O-].[Na+].[Na+],0,0.0816710814833641,0
Tox21,CCOC(C)(C)C,0,0.0638671293854713,0
Tox21,COc1ccccc1N1CCN(CCCC(=O)c2ccc(F)cc2)CC1,0,0.3385896682739258,0
Tox21,CC(C)COC(=O)CCCCC(=O)OCC(C)C,0,0.1338867545127868,0
Tox21,O=C(Nc1ccccc1SSc1ccccc1NC(=O)c1ccccc1)c1ccccc1,0,0.339297205209732,0
Tox21,CCCCCO,0,0.1054504662752151,0
Tox21,N=C(N)NN,0,0.2382286936044693,0
Tox21,OCCSSCCO,0,0.1902263611555099,0
Tox21,CCOC(=O)CP(=O)(OCC)OCC,0,0.2098507285118103,0
Tox21,C1CCC2=NCCCN2CC1,0,0.3672699928283691,0
Tox21,CN(CCOc1ccc(CC2SC(=O)NC2=O)cc1)c1ccccn1,0,0.3428638279438019,0
Tox21,C=CC(=O)NCNC(=O)C=C,0,0.2952296137809753,0
Tox21,C[C@H](CN1CCOCC1)C(C(=O)N1CCCC1)(c1ccccc1)c1ccccc1,0,0.4073115289211273,0
Tox21,CS(=O)(=O)c1ccc(C2=C(c3ccccc3)C(=O)OC2)cc1,0,0.3674253225326538,0
Tox21,C[Si](C)(C)O[Si](C)(C)O[Si](C)(C)C,0,0.163087785243988,0
Tox21,N=C1NC(=N)c2ccccc21,0,0.394171267747879,0
Tox21,N#CCCOCCOCCC#N,0,0.2512875497341156,0
Tox21,CN(C)CCN(C)CCO,0,0.0869547203183174,0
Tox21,C(COCC1CO1)OCC1CO1,0,0.3161831200122833,0
Tox21,Nc1ccn(C2CO[C@H](CO)O2)c(=O)n1,0,0.3626023828983307,0
Tox21,OC(CCN1CCCCC1)(c1ccccc1)C1CC2C=CC1C2,0,0.6565565466880798,1
Tox21,CC(=O)OCCOCCOCCOC(C)=O,0,0.2452731281518936,0
Tox21,CN(C)CCCN,0,0.0592188313603401,0
Tox21,CC(C)N(CCO)C(C)C,0,0.1773020625114441,0
Tox21,CCC(C)=NO,0,0.1604775637388229,0
Tox21,CCC(=O)CC,0,0.1659722179174423,0
Tox21,C/C(=C(/CCO)SSCC1CCCO1)N(C=O)Cc1cnc(C)nc1N,0,0.3253019452095032,0
Tox21,CCCOCCO,0,0.124590016901493,0
Tox21,COC(=O)CCS,0,0.194374069571495,0
Tox21,C/C=C/C=C/CO,0,0.1620303690433502,0
Tox21,CC1CCCC(C)N1NC(=O)c1ccc(Cl)c(S(N)(=O)=O)c1,0,0.3709698319435119,0
Tox21,CCOC(=O)C1=NOC(c2ccccc2)(c2ccccc2)C1,0,0.3683448731899261,0
Tox21,C/C=C(\C)C(=O)OC/C=C(\C)CCC=C(C)C,0,0.1578722298145294,0
Tox21,O=C(C=Cc1ccccc1)OCCCc1ccccc1,0,0.3154624402523041,0
Tox21,CC=CC=CCOC(=O)C(C)C,0,0.171180322766304,0
Tox21,NCCC[C@H](N)C(=O)O,0,0.2558074593544006,0
Tox21,CC(C)(C)N,0,0.0110427876934409,0
Tox21,NCCOS(=O)(=O)O,0,0.2052207440137863,0
Tox21,NC(CO)(CO)CO.O=C(c1ccccc1)c1ccc2n1CC[C@H]2C(=O)O,0,0.3337098658084869,0
Tox21,CN(C)CCCNCCCN,0,0.0950824469327926,0
Tox21,ClC=CCl,0,0.2260525673627853,0
Tox21,CCC12COCN1COC2,0,0.4382437169551849,0
Tox21,COc1ccc(CCNCC(O)COc2cccc(C)c2)cc1OC,0,0.2708044052124023,0
Tox21,CCCCCCCCP(=O)(O)O,0,0.1792879700660705,0
Tox21,CCOC(=O)c1ccc(NC(=O)CN2CCCCC2)cc1,0,0.3007857799530029,0
Tox21,CC(C(O)c1ccccc1)N(C)CCOC(c1ccccc1)c1ccccc1,0,0.314085453748703,0
Tox21,CC(=O)O[C@@H]1C(=O)O[C@H]2[C@@H](OC(C)=O)C(=O)O[C@@H]12,0,0.4632533192634582,0
Tox21,CN(CC1(C)CCCO1)S(=O)(=O)c1ccc(Cl)c(S(N)(=O)=O)c1,0,0.3901467025279999,0
Tox21,CN(C)CCC=C1c2ccccc2C=Cc2ccccc21,0,0.2675796747207641,0
Tox21,CCNP(=S)(OC)O/C(C)=C/C(=O)OC(C)C,0,0.2080529779195785,0
Tox21,Cc1nc2sccn2c(=O)c1CCN1CCC(=C(c2ccc(F)cc2)c2ccc(F)cc2)CC1,0,0.3956494629383087,0
Tox21,CC(=O)Nc1c(I)c(C(=O)N[C@H]2C(O)O[C@H](CO)[C@@H](O)[C@@H]2O)c(I)c(N(C)C(C)=O)c1I,0,0.4529434144496918,0
Tox21,N#C[C@@H]1C[C@@H]2C[C@@H]2N1C(=O)[C@@H](N)C12CC3CC(CC(O)(C3)C1)C2,0,0.8925979733467102,1
Tox21,CC(C)CC(C)O,0,0.0675013959407806,0
Tox21,C[C@@H](C1=C(CCN(C)C)Cc2ccccc21)c1ccccn1,0,0.3313759565353393,0
Tox21,O=C1NS(=O)(=O)c2ccccc21,0,0.3478724062442779,0
Tox21,CC(C)(CO)COC(=O)C(C)(C)CO,0,0.1123784705996513,0
Tox21,c1ccc2c(c1)[nH]c1cnccc12,0,0.3648973703384399,0
Tox21,ClC(Cl)=C(Cl)C(Cl)=C(Cl)Cl,0,0.3526301980018616,0
Tox21,CN=C=O,0,0.1643548607826233,0
Tox21,O=CNNC=O,0,0.2548344433307647,0
Tox21,CCN(C=O)CC,0,0.1657562255859375,0
Tox21,Cc1cccc(N(C)C(=S)Oc2ccc3ccccc3c2)c1,0,0.3276963531970978,0
Tox21,CCCCOCC(C)OCC(C)O,0,0.1507922261953354,0
Tox21,Cl/C=C/Cl,0,0.2260525673627853,0
Tox21,CN(C)CCN(Cc1cccs1)c1ccccn1.CN(C)CCN(Cc1cccs1)c1ccccn1,0,0.2294527292251587,0
Tox21,COc1cc(OC)nc(Oc2cccc(Oc3nc(OC)cc(OC)n3)c2C(=O)[O-])n1,0,0.2836535274982452,0
Tox21,Nc1ccc(S(=O)(=O)[N-]c2ncccn2)cc1.[Ag+],0,0.1950668692588806,0
Tox21,CCCCCCCCCCCCCCBr,0,0.1371561735868454,0
Tox21,ClC1(Cl)C2(Cl)C3(Cl)C4(Cl)C(Cl)(Cl)C5(Cl)C3(Cl)C1(Cl)C5(Cl)C24Cl,0,0.8175668120384216,1
Tox21,CCCCC(CC)COP(=O)(O)OCC(CC)CCCC,0,0.1652921885251999,0
Tox21,CCCCOC(=O)CCCCC(=O)OCCCC,0,0.1972943991422653,0
Tox21,C[N+](C)(C)CCO,0,0.033656321465969,0
Tox21,[Cr+3],0,1.7602909792913124e-05,0
Tox21,CC1OC(=O)C(C)OC1=O,0,0.3506547808647156,0
Tox21,CC(C(=O)O)c1ccc(C2CCCCC2)c2ccccc12,0,0.3858471810817718,0
Tox21,c1cc[n+]2c(c1)-c1cccc[n+]1CC2,0,0.3511892557144165,0
Tox21,CN(C)CCC=C1c2ccccc2C(C)(C)c2ccccc21,0,0.2656065225601196,0
Tox21,COC(=O)CC(C)CCC=C(C)C,0,0.1298064738512039,0
Tox21,O=S1OCCO1,0,0.2576364576816559,0
Tox21,CSC1=N[C@@](C)(c2ccccc2)C(=O)N1Nc1ccccc1,0,0.369996041059494,0
Tox21,N[C@@H](CCC(=O)N[C@@H](CS)C(=O)NCC(=O)O)C(=O)O,0,0.3693540096282959,0
Tox21,CCCN(CCc1cccs1)[C@H]1CCc2c(O)cccc2C1,0,0.387571632862091,0
Tox21,CN1CC(=O)N=C1NC(=O)Nc1cccc(Cl)c1,0,0.3581982553005218,0
Tox21,CC(C)CN(C[C@@H](O)[C@H](Cc1ccccc1)NC(=O)O[C@H]1CO[C@H]2OCC[C@@H]12)S(=O)(=O)c1ccc(N)cc1,0,0.3923189640045166,0
Tox21,O=P(OCC(Br)CBr)(OCC(Br)CBr)OCC(Br)CBr,0,0.3198122084140777,0
Tox21,[NH3+]O.[NH3+]O,0,0.0290101654827594,0
Tox21,NCCNCCO,0,0.1605015248060226,0
Tox21,CCCOCC(C)O,1,0.1131903305649757,0
Tox21,C=CCOC(=O)C(C)(C)OC(=O)c1cc(-n2c(=O)cc(C(F)(F)F)n(C)c2=O)ccc1Cl,0,0.342832863330841,0
Tox21,CN(C(=O)CCCOc1ccc2[nH]c(=O)ccc2c1)C1CCCCC1,0,0.3797158300876617,0
Tox21,Cl[Nd](Cl)Cl,0,0.0306749027222394,0
Tox21,O=C(Oc1ccccc1)c1ccc2ccccc2c1O,0,0.3581231534481048,0
Tox21,CN(C)C(=S)[S-].CN(C)C(=S)[S-].[Cu+2],0,0.0803889706730842,0
Tox21,COc1ccc2c3c1O[C@H]1C[C@@H](O)C=C[C@@]31CCN(C)C2,0,0.56245356798172,1
Tox21,C=C(C#N)C(=O)OCC,0,0.2642366588115692,0
Tox21,Cc1c(-c2cccnc2)c2ccccc2n1CCCCC(=O)O,0,0.3444120287895202,0
Tox21,NC(=O)N1C(=O)C(C(=O)c2cc(Cl)cs2)c2cc(F)c(Cl)cc21,0,0.4236034750938415,0
Tox21,O=C1NC(=O)C(c2ccccc2)(c2ccccc2)N1,0,0.4193896353244781,0
Tox21,CN1C[C@@H]2C[C@H]1CN2c1cc2c(cc1F)c(=O)c(C(=O)O)cn2C1CC1,0,0.5818057656288147,1
Tox21,CCN(CC)CCOc1ccc(C(O)(Cc2ccc(Cl)cc2)c2ccc(C)cc2)cc1,0,0.3113471567630768,0
Tox21,O=C1CCCCCCCCCCC1,0,0.2418868839740753,0
Tox21,S=C(SSC(=S)N1CCCCC1)N1CCCCC1,0,0.3133772015571594,0
Tox21,CC(C)CCCCCCN,0,0.0843036696314811,0
Tox21,CC(C)NC(=O)NC(C)C,0,0.1105608269572258,0
Tox21,CCCCC(CC)COC(=O)CC#N,0,0.2013100981712341,0
Tox21,CC1(c2ccccc2)OC(C(=O)O)=CC1=O,0,0.4238352477550506,0
Tox21,COc1cc(N)c(Cl)cc1C(=O)NC1CN2CCC1CC2,0,0.4714867174625397,0
Tox21,O=C(O)CC/C=C\CC[C@H]1[C@@H](OCc2ccc(-c3ccccc3)cc2)C[C@H](O)[C@@H]1N1CCCCC1,0,0.4967330992221832,0
Tox21,C=CCN1C(=O)C(CC(C)C)NC1=S,0,0.2632869184017181,0
Tox21,CN1CCCC(CC2c3ccccc3Sc3ccccc32)C1,0,0.3574323952198028,0
Tox21,O=c1[nH]c(=O)c2c[nH]nc2[nH]1,0,0.3669435977935791,0
Tox21,C=CCSSCC=C,0,0.1528233587741851,0
Tox21,Cl[Yb](Cl)Cl,0,0.0247679073363542,0
Tox21,C=C(C)C(=O)OCCCCCC,0,0.1654740124940872,0
Tox21,CCCCCCCCCCCCCCCCC(=O)O,0,0.1840999722480774,0
Tox21,c1ccc(CN2CCNCC2)cc1,0,0.2939937114715576,0
Tox21,Cc1ccccc1N1C(=O)c2cc(S(N)(=O)=O)c(Cl)cc2NC1C,0,0.3629637062549591,0
Tox21,CCn1ccnc1CC1COc2ccccc2O1,0,0.3434842824935913,0
Tox21,CCCCNP(N)(N)=S,0,0.180148497223854,0
Tox21,ON=C1CCCC1,0,0.3231671750545501,0
Tox21,OCC(CO)n1cnc(-c2ccc(F)cc2)c1-c1ccnc(Oc2ccccc2)n1,0,0.348193496465683,0
Tox21,CC(C)(O)c1ccccc1CC[C@@H](SCC1(CC(=O)[O-])CC1)c1cccc(/C=C/c2ccc3ccc(Cl)cc3n2)c1,0,0.3920065760612488,0
Tox21,CCCCCCCCCCCC[N+](C)(C)C,0,0.0742683857679367,0
Tox21,CCO[Si](CCCNC(N)=O)(OCC)OCC,0,0.2282250225543975,0
Tox21,CCCCCOC(=O)CCCCC,0,0.1534618288278579,0
Tox21,CCCCCc1cccc(=O)o1,0,0.2300480902194976,0
Tox21,O=C([N-]S(=O)(=O)/C=C/c1ccccc1)c1ccc(F)cc1Cl,0,0.3398284912109375,0
Tox21,O=C1C(Cl)C(CCl)CN1c1cccc(C(F)(F)F)c1,0,0.4138467013835907,0
Tox21,O=C(O)CF,0,0.2929188311100006,0
Tox21,CCCCCCCCCCCCCC/C(O)=N\C(CO)CCCCCCCCCCCCCC,0,0.193161591887474,0
Tox21,CO[C@@]1(NC(=O)C2SC(=C(C(N)=O)C(=O)O)S2)C(=O)N2C(C(=O)O)=C(CSc3nnnn3C)CS[C@@H]21,0,0.4392308294773102,0
Tox21,CCCN[C@H]1CCc2nc(N)sc2C1,0,0.3004681766033172,0
Tox21,[Fe+3],0,1.27715566122788e-05,0
Tox21,C#CCN1CC(=O)N(COC(=O)[C@@H]2[C@@H](C=C(C)C)C2(C)C)C1=O,0,0.4409087002277374,0
Tox21,C=CCOC(Cn1ccnc1)c1ccc(Cl)cc1Cl,0,0.3222408294677734,0
Tox21,Nc1ccc(S(=O)(=O)Nc2cnc3ccccc3n2)cc1,1,0.3363980650901794,0
Tox21,CC1(C)C(/C=C\C=C/C=C\C=C2\N(CCCCS(=O)(=O)[O-])c3ccc4ccccc4c3C2(C)C)=[N+](CCCCS(=O)(=O)[O-])c2ccc3ccccc3c21,0,0.4017357230186462,0
Tox21,CN1C(=O)C[C@@H](C(=O)N[C@@H](Cc2c[nH]cn2)C(=O)N2CCC[C@H]2C(N)=O)NC1=O,0,0.486567348241806,0
Tox21,C=C(C)C(=O)OCCC[Si](Cl)(Cl)Cl,0,0.2411327213048935,0
Tox21,CCCCC(CC)(CO)CO,0,0.1654311865568161,0
Tox21,CC1=CCC2C(C1)C2(C)C,0,0.7389832139015198,1
Tox21,C=C(C)C(=O)OCCCCCCCC(C)C,0,0.1384158879518509,0
Tox21,CC[C@H]1C[C@@H]2C[C@H]3c4[nH]c5ccc(OC)cc5c4CCN(C2)[C@@H]13,0,0.6364685893058777,1
Tox21,OCCOCCOCCO,0,0.1989545226097107,0
Tox21,OCCN(CCO)CCO,0,0.2200093567371368,0
Tox21,N#CN,0,0.2071489989757537,0
Tox21,Cl[In](Cl)Cl,0,0.0366079658269882,0
Tox21,COC(C)=O,0,0.1678469330072403,0
Tox21,N#CCCN(CCO)CCO,0,0.2486964911222458,0
Tox21,CN(C)C(=O)CCSC(SCCC(=O)[O-])c1cccc(/C=C/c2ccc3ccc(Cl)cc3n2)c1,0,0.3028688728809356,0
Tox21,CCCCC/C=C\C/C=C\CCCCCCCC(=O)OCC,0,0.1920800358057022,0
Tox21,C=C[Si](OC(C)=O)(OC(C)=O)OC(C)=O,0,0.2912254631519317,0
Tox21,COc1cc(C(=O)N2CCCCCCC2)cc(OC)c1OC,0,0.2652206718921661,0
Tox21,CC(C)C[C@H]1C(=O)N2CCC[C@H]2[C@]2(O)O[C@](NC(=O)[C@@H]3C[C@@H]4c5cccc6[nH]cc(c56)C[C@H]4N(C)C3)(C(C)C)C(=O)N12,0,0.6111255288124084,1
Tox21,COC(=O)N[C@H](C(=O)N[C@@H](Cc1ccccc1)[C@@H](O)CN(Cc1ccc(-c2ccccn2)cc1)NC(=O)[C@@H](NC(=O)OC)C(C)(C)C)C(C)(C)C,0,0.2897757887840271,0
Tox21,C1CN(P2(N3CC3)=NP(N3CC3)(N3CC3)=NP(N3CC3)(N3CC3)=N2)CCO1,0,0.5638051629066467,1
Tox21,O=C1CC2(CCCC2)CC(=O)N1CCCCN1CCN(c2ncccn2)CC1,0,0.4372942149639129,0
Tox21,COCCOC,0,0.0824351832270622,0
Tox21,CC(C)N(C(=O)COc1nnc(C(F)(F)F)s1)c1ccc(F)cc1,0,0.3318275809288025,0
Tox21,Cc1nn(C)c(Oc2ccccc2)c1/C=N/OCc1ccc(C(=O)OC(C)(C)C)cc1,0,0.2747571766376495,0
Tox21,Cc1cc(NC(=O)C2=C(O)c3ccccc3S(=O)(=O)N2C)no1,0,0.3806388080120086,0
Tox21,CCCCCCCCCCO,0,0.1379359513521194,0
Tox21,CCCCCCCCO,0,0.1285302340984344,0
Tox21,CCCCCCCCCC(C)=O,0,0.1555660218000412,0
Tox21,CC12CCCC=C1C(=O)OC2=O,0,0.5563881993293762,1
Tox21,O=C(CCN1CCC(c2ccccc2)C1)c1ccc2c(c1)OCCO2,0,0.3943554759025574,0
Tox21,O=C(COc1ccc(Cl)cc1)OCCNC12CC3CC(CC(C3)C1)C2,0,0.6159393787384033,1
Tox21,CCCCCCCCCCCCCCCC(=O)OC,0,0.1705714017152786,0
Tox21,CN1CCC[C@@H]1Cc1c[nH]c2ccc(CCS(=O)(=O)c3ccccc3)cc12,0,0.3625099062919616,0
Tox21,C/C(=C\c1csc(C)n1)C1C[C@@H]2O[C@]2(C)CCC[C@H](C)C(O)[C@@H](C)C(=O)C(C)(C)[C@@H](O)CC(=O)O1,0,0.4486880600452423,0
Tox21,O=[N+]([O-])c1c(Cl)cccc1-c1c[nH]cc1Cl,0,0.3577014207839966,0
Tox21,CC[C@]12CCCN3CCc4c(n(c5ccccc45)[C@@](O)(C(=O)OC)C1)[C@@H]32,0,0.5909535884857178,1
Tox21,FC(F)(Cl)C(F)(Cl)Cl,0,0.4058029651641845,0
Tox21,CCC(Cl)CC(Cl)C(Cl)C(Cl)C(Cl)C(C)Cl,0,0.3181937634944916,0
Tox21,O=C([O-])[C@H](O)[C@@H](O)[C@H](O)[C@H](O)CO.O=C([O-])[C@H](O)[C@@H](O)[C@H](O)[C@H](O)CO.[Ba+2],0,0.2684819400310516,0
Tox21,CC(C)=CCC/C(C)=C/CO,0,0.11923199146986,0
Tox21,CCCCCCCOC(C)=O,0,0.1667098253965377,0
Tox21,CC(C)=CC(=O)C=C(C)C,0,0.0987957194447517,0
Tox21,C=C(C)C(=O)OCCOCCOCCOC(=O)C(=C)C,0,0.2283951044082641,0
Tox21,O=C(O)Cc1nn(Cc2ccc(Br)cc2F)c(=O)c2ccccc12,0,0.3714022934436798,0
Tox21,CNC(=S)NN,0,0.2027640789747238,0
Tox21,CC(=N\O)/C(C)=N/O,0,0.2651337683200836,0
Tox21,c1ccc([Bi](c2ccccc2)c2ccccc2)cc1,0,0.3113965988159179,0
Tox21,CC(C)(Sc1cc(C(C)(C)C)c(O)c(C(C)(C)C)c1)Sc1cc(C(C)(C)C)c(O)c(C(C)(C)C)c1,0,0.1474805325269699,0
Tox21,C=C(C)C(=O)OCC(CC)CCCC,0,0.1652655601501464,0
Tox21,CC(COc1ccccc1)N(CCCl)Cc1ccccc1,0,0.3042965531349182,0
Tox21,[C-]#N.[Cu+],0,0.0266526285558938,0
Tox21,CCC(C)n1ncn(-c2ccc(N3CCN(c4ccc(OC[C@H]5CO[C@](Cn6cncn6)(c6ccc(Cl)cc6Cl)O5)cc4)CC3)cc2)c1=O,0,0.3805597126483917,0
Tox21,CC[C@H](C)[C@H]1O[C@]2(CC[C@@H]1C)C[C@@H]1C[C@@H](CC=C(C)[C@@H](O[C@H]3C[C@H](OC)[C@@H](O[C@H]4C[C@H](OC)[C@@H](O)[C@H](C)O4)[C@H](C)O3)[C@@H](C)C=CC=C3CO[C@@H]4[C@H](O)C(C)=C[C@@H](C(=O)O1)[C@]34O)O2,0,0.5457268357276917,1
Tox21,CCCCC(CC)COP(=O)(O)O,0,0.1773359477519989,0
Tox21,CCC(C)(C#N)/N=N/C(C)(C#N)CC,0,0.2853459119796753,0
Tox21,C=CCCCCCCCCC(=O)O,0,0.2110868394374847,0
Tox21,N#CCN(CC#N)CCN(CC#N)CC#N,0,0.3036648035049438,0
Tox21,CC(O)C(CO)C(C)O,0,0.3091369271278381,0
Tox21,CC/C=C\CCCCCCCCCCOC(C)=O,0,0.1901685744524002,0
Tox21,CC(C)(c1ccccc1)c1cc(-n2nc3ccccc3n2)c(O)c(C(C)(C)c2ccccc2)c1,0,0.3332853615283966,0
Tox21,CC/C=C/C/C=C/C/C=C/CCCCCCCC(=O)OCC,0,0.2047607004642486,0
Tox21,C=C(C)C(=O)OCC(C)O,0,0.1936818957328796,0
Tox21,CCCCCCCCBr,0,0.1102757900953292,0
Tox21,CCCCCCCCCCCO,0,0.1416094452142715,0
Tox21,Nc1nc(=O)c(Br)c(-c2ccccc2)[nH]1,0,0.3535440564155578,0
Tox21,c1ccc([Hg]c2ccccc2)cc1,0,0.2627800405025482,0
Tox21,C=C(C)C(=O)OCC(CC)(COC(=O)C(=C)C)COC(=O)C(=C)C,0,0.2304380387067794,0
Tox21,CC(CN)CC(C)(C)CCN,0,0.0829108655452728,0
Tox21,CC(C)CC(C)(N)C#N,0,0.1322666108608245,0
Tox21,CNC(=S)[S-],0,0.1816131174564361,0
Tox21,CCCCCCCCCCCCCCCCCC(=O)OCC(O)CO,0,0.2031378000974655,0
Tox21,[SnH2+2],0,1.4076060494971898e-07,0
Tox21,CCCCc1nc2cccnc2n1Cc1ccc(-c2ccccc2-c2nnn[n-]2)cc1,0,0.3227160573005676,0
Tox21,CN1CCc2cccc3c2[C@H]1Cc1ccc(O)c(O)c1-3.CN1CCc2cccc3c2[C@H]1Cc1ccc(O)c(O)c1-3,0,0.4229800105094909,0
Tox21,C=C1C[C@H]2[C@@H]3C=C(C)C4=CC(=O)CC[C@]4(C)[C@H]3CC[C@]2(C)[C@@]1(OC(C)=O)C(C)=O,1,0.8644558787345886,1
Tox21,C[N+](C)(C)CCCCCC[N+](C)(C)C,0,0.0333029255270957,0
Tox21,COC(=O)CCCCCCCC(=O)OC,0,0.2176264375448227,0
Tox21,CC(C)(C)C(=O)CC(=O)C(C)(C)C,0,0.1012629196047782,0
Tox21,CCOC(=O)C=CC(=O)O,0,0.2706716656684875,0
Tox21,N#CCNCC#N,0,0.2667217552661896,0
Tox21,O=C(O)Cn1c(=O)n(Cc2ccc(Br)cc2F)c(=O)c2ccc(Cl)cc21,0,0.3785465657711029,0
Tox21,O=C(O)CC(=O)O,0,0.3437578082084656,0
Tox21,O=C(O)CN(CC(=O)O)CC(=O)O,0,0.3557894229888916,0
Tox21,O=C(NC(Cc1cc(=O)[nH]c2ccccc12)C(=O)O)c1ccc(Cl)cc1,0,0.3904812633991241,0
Tox21,CCOP(=O)(OCC)SCCSCC,0,0.1698592603206634,0
Tox21,CCNCC,0,0.0708038061857223,0
Tox21,C=C(C)C(=O)OCCOCCOCCOCCOC(=O)C(=C)C,0,0.2280217856168747,0
Tox21,CCCOC(=O)C(C)O,0,0.1968923509120941,0
Tox21,OC[P+](CO)(CO)CO,0,0.2057989835739135,0
Tox21,S=P(N1CC1)(N1CC1)N1CC1,0,0.582529604434967,1
Tox21,Cc1ccsc1C(=CCCN1CCC[C@@H](C(=O)O)C1)c1sccc1C,0,0.3490277230739593,0
Tox21,OC(CCN1CCCC1)(c1ccccc1)C1CCCCC1,0,0.4660100042819977,0
Tox21,O=C(c1ccccc1)C1CCC1,0,0.4053193628787994,0
Tox21,CCCC(CC)CCCCCCCN,0,0.1412736922502517,0
Tox21,CC(=O)OC[C@H]1O[C@@H](O)[C@H](OC(=O)c2ccccc2C(=O)O)[C@@H](O)[C@@H]1O[C@@H]1O[C@H](COC(C)=O)[C@@H](O)[C@H](OC(=O)c2ccccc2C(=O)O)[C@H]1O,0,0.4432754218578338,0
Tox21,C=C(C)C(=O)OCC,0,0.1755726188421249,0
Tox21,CCOS(C)(=O)=O,0,0.1961899250745773,0
Tox21,CC=C1CC2C=CC1C2,0,0.689094603061676,1
Tox21,CCCCc1nc(Cl)c(CO)n1Cc1ccc(-c2ccccc2-c2nnn[nH]2)cc1,0,0.3201998174190521,0
Tox21,C[Si](C)(C)O[Si](C)(C)C,0,0.1216728910803794,0
Tox21,COc1cc2[nH]c(=O)[nH]c(=O)c2cc1OC,0,0.3033043146133423,0
Tox21,CCC(C=O)CC,0,0.1443435549736023,0
Tox21,CCCCN1CCCC1C(=O)Nc1c(C)cc(C)cc1C,0,0.3170350193977356,0
Tox21,NS(=O)(=O)C(F)(F)C(F)(F)C(F)(F)C(F)(F)C(F)(F)C(F)(F)C(F)(F)C(F)(F)F,0,0.4805140197277069,0
Tox21,CCn1cc(C(=O)O)c(=O)c2ccc(C)nc21,0,0.3227341771125793,0
Tox21,NC[C@H]1O[C@H](O[C@@H]2[C@@H](N)C[C@@H](N)C(O)[C@H]2O[C@@H]2O[C@H](CO)[C@@H](O)[C@H]2O)[C@H](N)[C@@H](O)[C@@H]1O,0,0.539220929145813,1
Tox21,O=C(CCCCCCCCCCCCC1CCCC1)Nc1ccc(S(=O)(=O)c2ccc(NC(=O)CCCCCCCCCCCCC3CCCC3)cc2)cc1,0,0.2866175174713135,0
Tox21,N#CC(Cl)(Cl)Cl,0,0.3092997074127197,0
Tox21,O=S(=O)([O-])c1ccc(Nc2nc(Nc3ccc(/C=C/c4ccc(Nc5nc(Nc6ccc(S(=O)(=O)[O-])cc6)nc(N(CCO)CCO)n5)cc4S(=O)(=O)[O-])c(S(=O)(=O)[O-])c3)nc(N(CCO)CCO)n2)cc1,0,0.3308377861976623,0
Tox21,FB(F)F,0,0.2845697402954101,0
Tox21,CCN(CC)N=O,0,0.1852582842111587,0
Tox21,CC(C)=CCC/C(C)=C/C=C\C(C)=C\C=C\C(C)=C\C=C/C=C(C)/C=C/C=C(C)/C=C\C=C(/C)CCC=C(C)C,0,0.1850150376558303,0
Tox21,CCC(O)C(C)(C)C,0,0.0624773800373077,0
Tox21,CCOC(=O)C(C)O,0,0.2192777097225189,0
Tox21,O[C@@H](CNC[C@H](O)[C@H]1CCc2cc(F)ccc2O1)[C@@H]1CCc2cc(F)ccc2O1,0,0.4062949120998382,0
Tox21,CNS(=O)(=O)CCc1ccc2[nH]cc(C3CCN(C)CC3)c2c1,0,0.3276309072971344,0
Tox21,COc1cc(OC)nc(NC(=O)NS(=O)(=O)c2ncccc2C(=O)N(C)C)n1,0,0.2661542594432831,0
Tox21,CN(C)CCOC1=Cc2ccccc2Sc2ccc(Cl)cc21,0,0.2678782641887665,0
Tox21,CCCCCCCCCCCCCCCC(=O)OCC(COC(=O)CCCCCCCCCCCCCCC)OC(=O)CCCCCCCCCCCCCCC,0,0.1987757235765457,0
Tox21,Cc1cccc(C)c1NC(=O)NC1=CCCN1C,0,0.3194454312324524,0
Tox21,N=C(N)NCC1COc2ccccc2O1,0,0.3515494167804718,0
Tox21,CC/C=C\CCOC(=O)CCCCC,0,0.1741426140069961,0
Tox21,OC[C@H](O)[C@H](O)[C@@H](O)[C@H](O)CO,0,0.3656278848648071,0
Tox21,CN1C(C(=O)Nc2ccccn2)=C(O)c2sccc2S1(=O)=O,0,0.376641035079956,0
Tox21,CC(CCO)CC(C)(C)C,0,0.0512867532670497,0
Tox21,CCCCCCCC[Sn](Cl)(Cl)CCCCCCCC,0,0.1253761947154998,0
Tox21,C1CCNCC1.O=c1[nH]cnc2[nH]cc(CN3CCCCC3)c12,0,0.2918965518474579,0
Tox21,CN(C)CCOc1ccccc1Cc1ccccc1.Nc1ccc(C(=O)O)c(O)c1,0,0.2723420560359955,0
Tox21,OCCCCCCCCCCCCBr,0,0.16243976354599,0
Tox21,COS(=O)(=O)C(F)(F)F,0,0.3107920289039612,0
Tox21,CC(COCCO)OCCO,0,0.2032826840877533,0
Tox21,O=C(Cn1ccnc1[N+](=O)[O-])NCc1ccccc1,0,0.3434294164180755,0
Tox21,O=S(=O)([O-])c1cc(O)c2c(N=Nc3ccc(Nc4ccccc4)c4c(S(=O)(=O)[O-])cccc34)cc(S(=O)(=O)[O-])cc2c1,0,0.3535458445549011,0
Tox21,CCCN1CCC[C@@H]2Cc3nc(N)ncc3C[C@H]21,0,0.4852906465530395,0
Tox21,O=C(O)C(Br)CBr,0,0.325686514377594,0
Tox21,CCC(O)OCC(C)OC(O)CC,0,0.213067352771759,0
Tox21,COC(=O)c1ccccc1CS(=O)(=O)NC(=O)Nc1nc(OC)cc(OC)n1,0,0.2867231965065002,0
Tox21,O=C1C=CC(=O)O1,0,0.3748437464237213,0
Tox21,BrC(Br)C(Br)Br,0,0.329428493976593,0
Tox21,CS(C)=O,0,0.0834428817033767,0
Tox21,CNC(=O)OCC[N+](C)(C)C,0,0.0773576647043228,0
Tox21,C[C@]12N[C@H](Cc3ccccc31)c1ccccc12,0,0.5251132845878601,1
Tox21,CC1(C)S[C@@H]2[C@H](NC(=O)[C@H](C(=O)[O-])c3ccsc3)C(=O)N2[C@H]1C(=O)[O-],0,0.5246379375457764,1
Tox21,C[C@@H](CN(C)C)CN1c2ccccc2Sc2ccccc21.C[C@@H](CN(C)C)CN1c2ccccc2Sc2ccccc21,0,0.2257468849420547,0
Tox21,C1CCN2C[C@@H]3C[C@@H](CN4CCCC[C@H]34)[C@@H]2C1,0,0.8033101558685303,1
Tox21,CC1(C)OC[C@@H](COC(=O)CCc2ccc(OC[C@@H](O)CNCCNC(=O)N3CCOCC3)cc2)O1,0,0.355503112077713,0
Tox21,CCCCCCCCCCCC(=O)N(C)CC(=O)[O-],0,0.2092245668172836,0
Tox21,C=CC(C)(O)CCC=C(C)C,0,0.1657256484031677,0
Tox21,CCCOCCC,0,0.0803014039993286,0
Tox21,CSC(C)(C)/C=N\O,0,0.2219502329826355,0
Tox21,N#Cc1sc2c(=O)c3ccccc3c(=O)c=2sc1C#N,0,0.3644539415836334,0
Tox21,ClCBr,0,0.0467084348201751,0
Tox21,CC(C)N1C(=O)c2ccccc2NS1(=O)=O,0,0.2929263412952423,0
Tox21,CCCC[P+](C)(CCCC)CCCC.COS(=O)(=O)[O-],0,0.1351065188646316,0
Tox21,CN(C)C=O,0,0.0788139551877975,0
Tox21,O=C1NCN(c2ccccc2)C12CCN(CC1COc3ccccc3O1)CC2,0,0.5417296290397644,1
Tox21,CCN(Cc1ccncc1)C(=O)C(CO)c1ccccc1,0,0.3352894186973572,0
Tox21,CC1(C)C(=O)C(C)(C)C1=O,0,0.4739275276660919,0
Tox21,O=C(O)Cn1c2ccccc2c(=O)c2ccccc21,0,0.3726842999458313,0
Tox21,C=O,0,0.0928252711892128,0
Tox21,O=C1O[C@H]([C@@H](O)CO)C([O-])=C1O.O=C1O[C@H]([C@@H](O)CO)C([O-])=C1O,0,0.4082148671150207,0
Tox21,CC(=O)OC/C=C(/C)CCC=C(C)C,0,0.1522652208805084,0
Tox21,O=S(=O)(O)c1ccc2[nH]c(-c3ccccc3)nc2c1,0,0.3413800299167633,0
Tox21,C[C@]12CC[C@@H]3c4ccc(OC(=O)c5ccccc5)cc4CC[C@H]3[C@@H]1CC[C@@H]2O,1,0.6737071871757507,1
Tox21,CCOP(=S)(OCC)OC(Cl)C(Cl)(Cl)Cl,0,0.2609571516513824,0
Tox21,O=C(O)c1cc(O)c2c(c1)[C@H]([C@H]1c3cc(C(=O)O)cc(O)c3C(=O)c3c(O[C@@H]4O[C@H](CO)[C@@H](O)[C@H](O)[C@H]4O)cccc31)c1cccc(O[C@@H]3O[C@H](CO)[C@@H](O)[C@H](O)[C@H]3O)c1C2=O,0,0.4670726656913757,0
Tox21,CC(CCl)OC(C)CCl,0,0.2315160483121872,0
Tox21,ClCCOCCCl,0,0.1808097064495086,0
Tox21,CCCCCCCCCCCCCCCl,0,0.1471416056156158,0
Tox21,CCCCN=C=O,0,0.1608016639947891,0
Tox21,C=C1CCC=C(C)CC[C@@H]2[C@@H]1CC2(C)C,0,0.50209641456604,1
Tox21,CCC(C)Cl,0,0.1329418420791626,0
Tox21,CC(C)CON=O,0,0.0929284393787384,0
Tox21,O=C1NCCN1c1ncc([N+](=O)[O-])s1,0,0.3647387623786926,0
Tox21,CN(CCCCCCCCCCN(C)C(=O)Oc1ccccc1[N+](C)(C)C)C(=O)Oc1ccccc1[N+](C)(C)C,0,0.1928930580615997,0
Tox21,CCCCCCCCCC[N+](C)(C)[O-],0,0.1347454786300659,0
Tox21,ClC1=C(Cl)C2(Cl)C3C4OC4C(Cl)C3C1(Cl)C2(Cl)Cl,0,0.8360052704811096,1
Tox21,ClCCOCCOCCCl,0,0.1934567987918853,0
Tox21,O=C([O-])c1cc(O)c2c3nc4ccccc4oc-3cc(=O)c2n1,0,0.3827029764652252,0
Tox21,CC(C)=CCC/C(C)=C/CC/C(C)=C/CC/C=C(\C)CC/C=C(\C)CCC=C(C)C,0,0.1416658610105514,0
Tox21,CC(C)(C#N)c1cc(Cn2cncn2)cc(C(C)(C)C#N)c1,0,0.317850261926651,0
Tox21,CC/C(=N\OC/C=C/Cl)C1=C(O)CC(C2CCOCC2)CC1=O,0,0.4505631327629089,0
Tox21,NC(=O)CF,0,0.2630202770233154,0
Tox21,CCCCCCCCCCCCSC,0,0.125932291150093,0
Tox21,CCOC(=O)[C@H](CCc1ccccc1)N[C@@H](C)C(=O)N1[C@H](C(=O)O)C[C@@H]2CCC[C@@H]21,0,0.5561522841453552,1
Tox21,O=C(c1ccc(OCCN2CCCCC2)cc1)c1c(-c2ccc(O)cc2)sc2cc(O)ccc12,0,0.3510809242725372,0
Tox21,COC(=O)[C@H]1[C@H]2C[C@@H]3c4[nH]c5cc(OC)ccc5c4CCN3C[C@H]2C[C@@H](OC(=O)C=Cc2cc(OC)c(OC)c(OC)c2)[C@@H]1OC,0,0.5045379996299744,1
Tox21,c1ccc(Nc2cccc3ccccc23)cc1,0,0.3480291664600372,0
Tox21,O=c1c2ccccc2c(=O)c2c1cc(Cl)c1[nH]c3c([nH]c12)c(Cl)cc1c(=O)c2ccccc2c(=O)c13,0,0.3986594974994659,0
Tox21,O=C(Nc1ncc([N+](=O)[O-])s1)c1cccs1,0,0.3359407484531402,0
Tox21,CC[C@@H]1C[C@H](N(Cc2cc(C(F)(F)F)cc(C(F)(F)F)c2)C(C)=O)c2cc(C(F)(F)F)ccc2N1C(=O)OC(C)C,0,0.4134175777435303,0
Tox21,CC(Cc1ccc(OCC(=O)O)cc1)NCC(O)c1csc(C(F)(F)F)n1,0,0.3373050391674042,0
Tox21,CC(Cl)C(=O)O,0,0.3040268421173095,0
Tox21,O=C(O)CCCl,0,0.2525240778923034,0
Tox21,O=[Cd],0,0.0305698085576295,0
Tox21,CC[N+](CC)(CC)CCOC(=O)C(C1CCCC1)C1CCCC1,0,0.4097716212272644,0
Tox21,Cc1ccc(/C=N/n2c(-c3ccccc3)csc2=S)cc1,0,0.3155014514923095,0
Tox21,c1ccc(P(c2ccccc2)c2ccccc2)cc1,0,0.3259961009025574,0
Tox21,CC(CCl)OP(=O)(OC(C)CCl)OC(C)CCl,0,0.220040276646614,0
Tox21,CCOCCOCCOCC,0,0.148502841591835,0
Tox21,COCCOCCO,0,0.1450248211622238,0
Tox21,O=C(OCC(COC(=O)c1ccccc1)(COC(=O)c1ccccc1)COC(=O)c1ccccc1)c1ccccc1,0,0.3398507237434387,0
Tox21,COc1c2occc2c(OC)c2c(=O)cc(C)oc12,0,0.3006339073181152,0
Tox21,Cc1cnc(NC(=O)C2=C(O)c3ccccc3S(=O)(=O)N2C)s1,1,0.3790669739246368,0
Tox21,CC/C(C)=N/O[Si](C)(O/N=C(\C)CC)O/N=C(\C)CC,0,0.1868871450424194,0
Tox21,CC1C(C)(C)C2=C(C(=O)CCC2)C1(C)C,0,0.6247695088386536,1
Tox21,CC(C)=CCC/C(C)=C/CC/C(C)=C/CO,0,0.1384053975343704,0
Tox21,FC1(F)C(F)(F)C(F)(F)C2(F)C(F)(C1(F)F)C(F)(F)C(F)(F)C1(F)C(F)(F)C(F)(F)C(F)(F)C(F)(F)C12F,0,0.7026472091674805,1
Tox21,C=CCOC(=O)CCCCCC,0,0.1756525784730911,0
Tox21,CCCCC(CC)COC(=O)CC(C(=O)OCC(CC)CCCC)S(=O)(=O)[O-],0,0.2110092788934707,0
Tox21,CCCCCCCCCCCCOCCCN,0,0.1477745622396469,0
Tox21,CCCC1([C@H](O)C/C=C/[C@H]2[C@H](O)CC(=O)[C@@H]2CCCCCCC(=O)OC)CCC1,0,0.5148746371269226,1
Tox21,C1CNCCN1.C[C@H](CCC(=O)O)[C@H]1CC[C@H]2[C@H]3[C@H](C[C@H](O)[C@@]21C)[C@@]1(C)CC[C@@H](O)C[C@H]1C[C@H]3O,0,0.8228059411048889,1
Tox21,OC(CCN1CCCCC1)(c1ccccc1)c1ccccc1,0,0.3474350571632385,0
Tox21,CC(C)=O,0,0.0840390622615814,0
Tox21,CC(=O)N=c1sc(S(N)(=O)=O)nn1C,0,0.2933536171913147,0
Tox21,[N-]=[N+]=[N-],0,0.2147700488567352,0
Tox21,c1ccc2c(c1)Sc1ccccc1N2CCN1CCCC1,0,0.3465703427791595,0
Tox21,CN(C(=O)Cc1cccc2occc12)[C@H]1CC[C@@]2(CCCO2)C[C@@H]1N1CCCC1,0,0.6288009881973267,1
Tox21,CCOC(=O)CC(O)(CC(=O)OCC)C(=O)OCC,0,0.309208482503891,0
Tox21,CCOCCO,0,0.1374862641096115,0
Tox21,O=c1n(CCCN2CCN(c3cccc(Cl)c3)CC2)nc2ccccn12,0,0.359283298254013,0
Tox21,O=C(COCCOCCOCC(=O)Nc1c(I)cc(I)c(C(=O)O)c1I)Nc1c(I)cc(I)c(C(=O)O)c1I,0,0.3732441961765289,0
Tox21,C[N+]1(CC2COC(c3ccccc3)(c3ccccc3)O2)CCCCC1,0,0.3355922698974609,0
Tox21,O=P(O)(O)C(O)(Cc1cnc2ccccn12)P(=O)(O)O,0,0.4063672721385956,0
Tox21,CC=C(Cl)Cl,0,0.191908523440361,0
Tox21,CC(C)(C)C(O)(CCc1ccc(Cl)cc1)Cn1cncn1,0,0.3120944499969482,0
Tox21,CC=CC=O,0,0.1533135324716568,0
Tox21,O=C([O-])P(=O)([O-])[O-],0,0.2927252352237701,0
Tox21,CN(C)CCOCCN(C)C,0,0.0658061802387237,0
Tox21,O=C(Oc1cccc2cccnc12)c1ccccc1,0,0.3491172790527344,0
Tox21,C1CCC(SSC2CCCCC2)CC1,0,0.3132083117961883,0
Tox21,CCCCCCCCCC(C)C=O,0,0.1483295559883117,0
Tox21,CCCCCCCCCCCCCCCC[N+](C)(C)CC,0,0.1087406501173973,0
Tox21,CN1CCN(C2=Nc3cc(Cl)ccc3Nc3ccccc32)CC1,0,0.3461526930332184,0
Tox21,CC(=O)NCCCCCC(=O)O,0,0.2589719593524933,0
Tox21,COc1cccc2c1[C@@H]1CN(CCCCn3c(=O)[nH]c4c(sc5ncc(-c6ccccc6)nc54)c3=O)C[C@@H]1CO2,0,0.410112589597702,0
Tox21,C[C@@H]1[C@@H]2Cc3ccc(O)cc3[C@@]1(C)CCN2CC1CC1,0,0.6827625632286072,1
Tox21,CC(C)(C)OC=O,0,0.0891214534640312,0
Tox21,CCC(C)(C)OC,0,0.0895794257521629,0
Tox21,C1C2OC2C2C1C1CC2C2OC12,0,0.991323947906494,1
Tox21,O=S(=O)([O-])O.[Na+],0,0.1244020015001297,0
Tox21,N#C[N-]C#N,0,0.3040931224822998,0
Tox21,COCCOC(=O)C1=C(C)NC(C)=C(C(=O)OC/C=C/c2ccccc2)C1c1cccc([N+](=O)[O-])c1,0,0.3793870210647583,0
Tox21,FC(F)(F)c1cccc(C2=CCN(CCc3ccc4ccccc4c3)CC2)c1,0,0.3771099746227264,0
Tox21,O=C(NNCNNC(=O)c1ccncc1)c1ccncc1,0,0.3342495262622833,0
Tox21,O=C([O-])[C@H](CC(=O)N1C[C@H]2CCCC[C@H]2C1)Cc1ccccc1.O=C([O-])[C@H](CC(=O)N1C[C@H]2CCCC[C@H]2C1)Cc1ccccc1,0,0.5312493443489075,1
Tox21,COC(=O)/C=C\C(=O)OC,0,0.2329753190279007,0
Tox21,Cc1cc(SCc2sc(-c3ccc(C(F)(F)F)c(F)c3)nc2C)ccc1OCC(=O)O,0,0.3477722108364105,0
Tox21,c1ccc(CCCc2ccncc2)cc1,0,0.3058536052703857,0
Tox21,CC(=O)Oc1ccc(C2(c3ccc(OC(C)=O)cc3)Oc3ccccc3NC2=O)cc1,0,0.3760262131690979,0
Tox21,C=C[Si](OC)(OC)OC,0,0.2284229695796966,0
Tox21,O=C(O)CCc1nc(-c2ccccc2)c(-c2ccccc2)o1,0,0.3438813090324402,0
Tox21,CN1C[C@H](CNC(=O)OCc2ccccc2)C[C@@H]2c3cccc4c3c(cn4C)C[C@H]21,0,0.4661838412284851,0
Tox21,OCCO,0,0.1639813184738159,0
Tox21,CCN(N=O)C(N)=O,0,0.2758488655090332,0
Tox21,CC(CO)(CO)C(=O)O,0,0.2501128017902374,0
Tox21,CC(C)C[C@@H]1NC(=O)[C@H](CCCN)NC(=O)[C@H](C(C)C)NC(=O)[C@@H]2CCCN2C(=O)[C@@H](Cc2ccccc2)NC(=O)[C@H](CC(C)C)NC(=O)[C@H](CCCN)NC(=O)[C@H](C(C)C)NC(=O)[C@@H]2CCCN2C(=O)[C@@H](Cc2ccccc2)NC1=O,0,0.3725422322750091,0
Tox21,Fc1ccc(C2(Cn3cncn3)OC2c2ccccc2Cl)cc1,0,0.4652788341045379,0
Tox21,O[C@H](CBr)[C@@H](O)[C@H](O)[C@H](O)CBr,0,0.3191294372081756,0
Tox21,CCOCCn1c(N2CCCN(C)CC2)nc2ccccc21,0,0.2657653391361236,0
Tox21,CCCCC/C=C\CCC(=O)N[C@H]1[C@H](Oc2c3cc4cc2Oc2ccc(cc2Cl)[C@@H](O[C@@H]2O[C@H](CO)[C@@H](O)[C@H](O)[C@H]2NC(C)=O)[C@@H]2NC(=O)[C@H](NC(=O)[C@@H]4NC(=O)[C@H]4NC(=O)[C@@H](Cc5ccc(c(Cl)c5)O3)NC(=O)[C@@H](N)c3ccc(O)c(c3)Oc3cc(O)cc4c3)c3ccc(O)c(c3)-c3c(O[C@H]4O[C@H](CO)[C@@H](O)[C@H](O)[C@@H]4O)cc(O)cc3[C@H](C(=O)O)NC2=O)O[C@H](CO)[C@@H](O)[C@@H]1O,0,0.4459837973117828,0
Tox21,CCCCCCCCN(C)CCCCCCCC,0,0.1188333630561828,0
Tox21,O=C(O)c1cccc(/C=C2/C[C@H]3[C@H](C[C@@H](O)[C@@H]3/C=C/[C@@H](O)C3CCCCC3)O2)c1,0,0.6031363010406494,1
Tox21,C=CC(=O)OCCOCCOCC,0,0.2136734575033188,0
Tox21,C=C(C)[C@H]1Cc2c(ccc3c2O[C@@H]2COc4cc(OC)c(OC)cc4[C@@H]2C3=O)O1,0,0.3630267083644867,0
Tox21,CCCCCC(N)=O,0,0.1672011017799377,0
Tox21,CC(C)OC(=S)[S-],0,0.1571264117956161,0
Tox21,C[C@]12C/C(=C/O)C(=O)C[C@@H]1CC[C@@H]1[C@@H]2CC[C@@]2(C)[C@H]1CC[C@]2(C)O,1,0.9001826643943787,1
Tox21,COC(=O)CCCCC(=O)O,0,0.2589270770549774,0
Tox21,CCOC(=O)CC(=O)CCl,0,0.2542818188667297,0
Tox21,NC(=O)c1cc[n+](CC2=C(C(=O)[O-])N3C(=O)[C@@H](NC(=O)[C@H](c4ccccc4)S(=O)(=O)[O-])[C@@H]3SC2)cc1,0,0.4285488128662109,0
Tox21,CNC(=O)CSP(=S)(OC)OC,0,0.2210433334112167,0
Tox21,CCCC(=O)OCCC(C)C,0,0.1130079999566078,0
Tox21,O=[Se](O)O,0,0.0986623987555503,0
Tox21,CCOS(=O)(=O)OCC,0,0.1858707219362259,0
Tox21,C=CC(=O)CCCCC,0,0.1813654601573944,0
Tox21,C=CC(C)(CCC=C(C)C)OC(=O)CC(C)C,0,0.1704672276973724,0
Tox21,CNC(C)=O,0,0.1623883098363876,0
Tox21,Cc1ccc2c(c1)OCC(=O)CO2,0,0.3224513232707977,0
Tox21,C[Si](NC1CCCCC1)(NC1CCCCC1)NC1CCCCC1,0,0.3626584410667419,0
Tox21,C=CC(=O)NCOCC(C)C,0,0.1310788840055465,0
Tox21,CCOC(=O)N(C)N=O,0,0.2389277964830398,0
Tox21,Oc1cc(O)c2c(c1)O[C@H](c1ccc(O)c(O)c1)[C@H](O)C2,0,0.4264748990535736,0
Tox21,FC(F)(F)C(Cl)(Cl)Cl,0,0.3956469297409057,0
Tox21,CCSCC,0,0.0845856368541717,0
Tox21,CCC(C)C=O,0,0.1214113309979438,0
Tox21,O=[N+]([O-])C(Cl)(Cl)Cl,0,0.3323564529418945,0
Tox21,OCCCO,0,0.1603059470653534,0
Tox21,NS(=O)(=O)Cc1noc2ccccc12,0,0.3231002688407898,0
Tox21,CNC1=Nc2ccc(Cl)cc2C(c2ccccc2)=[N+]([O-])C1,0,0.3480952978134155,0
Tox21,O=C1Nc2ccc(Cl)cc2[C@@](C#CC2CC2)(C(F)(F)F)O1,0,0.4577343463897705,0
Tox21,CCOC(=O)O[C@H](C)OC(=O)c1ccc2c(c1)cc(C(=O)NC1CCN(C(C)C)CC1)n2Cc1cc(-c2ccc(Cl)s2)on1,0,0.3440274596214294,0
Tox21,O=C(O)CCCCCCCCCC(=O)O,0,0.2602759599685669,0
Tox21,O=C1Cc2ccccc2N1c1c(Cl)cccc1Cl,0,0.3935446143150329,0
Tox21,COC(=O)C1=C(C)NC(C)=C(C(=O)O[C@@H]2CCCN(Cc3ccccc3)C2)[C@@H]1c1cccc([N+](=O)[O-])c1,0,0.4135925471782684,0
Tox21,CC1(C)N=C(N)N=C(N)N1c1ccc(Cl)cc1,0,0.4227462410926819,0
Tox21,CN1C(=O)CCS(=O)(=O)C1c1ccc(Cl)cc1,0,0.3631323873996734,0
Tox21,ClC/C=C\CCl,0,0.1669510453939438,0
Tox21,CC(C(=O)O)c1ccc(N2Cc3ccccc3C2=O)cc1,0,0.3850610852241516,0
Tox21,O=S(=O)([O-])C(F)(F)C(F)(F)C(F)(F)C(F)(F)C(F)(F)C(F)(F)F,0,0.4629561603069305,0
Tox21,ClCC(Br)CBr,0,0.2631894052028656,0
Tox21,C=CC(C)(O)CCC=C(C)CCC=C(C)C,0,0.1729381829500198,0
Tox21,CCCCCCCCCCCCOCCO,0,0.1574048995971679,0
Tox21,IC(I)=C(I)I,0,0.4344445466995239,0
Tox21,O=P([O-])([O-])OP(=O)([O-])[O-],0,0.2416208535432815,0
Tox21,CC(Cl)C(Cl)Cl,0,0.2699735462665558,0
Tox21,CC(=O)OCC(C)OC(C)=O,0,0.2590848207473755,0
Tox21,CC(/C=C/C=C(\C)C(=O)O[C@@H]1O[C@H](CO[C@@H]2O[C@H](CO)[C@@H](O)[C@H](O)[C@H]2O)[C@@H](O)[C@H](O)[C@H]1O)=C\C=C\C=C(C)\C=C\C=C(/C)C(=O)O[C@@H]1O[C@H](CO[C@@H]2O[C@H](CO)[C@@H](O)[C@H](O)[C@H]2O)[C@@H](O)[C@H](O)[C@H]1O,0,0.4239995181560516,0
Tox21,C/C=C1\NC(=O)[C@H]2CSSCCC=C[C@H](CC(=O)N[C@H](C(C)C)C(=O)N2)OC(=O)[C@H](C(C)C)NC1=O,0,0.3124656081199646,0
Tox21,CCS(=O)(=O)C(C)(C)S(=O)(=O)CC,0,0.3170650899410248,0
Tox21,Cc1nc2c([nH]1)c(=O)n(C)c(=O)n2Cc1ccco1,0,0.3469225466251373,0
Tox21,CCCCNCC,0,0.0890531912446022,0
Tox21,CN1CCN2c3ncccc3Cc3ccccc3C2C1,0,0.3939858376979828,0
Tox21,O=S([O-])CO,0,0.1928372085094452,0
Tox21,CCc1cccc2c3c([nH]c12)C(CC)(CC(=O)O)OCC3,0,0.4036416411399841,0
Tox21,CCCCCCCCCCCC[N+](C)(C)CC(=O)[O-],0,0.1332432031631469,0
Tox21,O=C(OCCCCCCOC(=O)c1ccccc1)c1ccccc1,0,0.300432026386261,0
Tox21,NC(=O)N(O)[C@@H]1COc2cc(OCc3ccccc3)ccc21,0,0.3816998898983001,0
Tox21,CCN(C(=O)c1cc(C)cc(OC[C@H](C)Nc2ccncc2)c1)C(C)C,0,0.2639415264129638,0
Tox21,O=C(NCCCN1CCOCC1)c1ccc(Cl)cc1,0,0.3108022511005401,0
Tox21,CNCCCC1c2ccccc2C=Cc2ccccc21,0,0.3295288681983948,0
Tox21,CS(=O)(=O)Nc1cc2occ(NC=O)c(=O)c2cc1Oc1ccccc1,0,0.3385845720767975,0
Tox21,CC(O)CO,0,0.1436458677053451,0
Tox21,BrCCCCBr,0,0.1058887690305709,0
Tox21,CCCNCCC,0,0.0817684829235076,0
Tox21,C[Si](C)(C)C,0,0.0249073188751935,0
Tox21,Cc1c(NC(=O)c2cccnc2)c(=O)n(-c2ccccc2)n1C,0,0.3474938869476318,0
Tox21,CCCCOC(=O)CCC(=O)OCCCC,0,0.1974844336509704,0
Tox21,CC(C)N(C(=O)SCC(Cl)=C(Cl)Cl)C(C)C,0,0.2411265671253204,0
Tox21,O=C1O[Pt]2(N[C@@H]3CCCC[C@H]3N2)OC1=O,0,0.4734072387218475,0
Tox21,CCCCCCCCCOC(C)=O,0,0.1697935312986374,0
Tox21,NC(=O)NO,0,0.2848126888275146,0
Tox21,CC(C)(C)c1ccc(CCOc2ncnc3ccccc23)cc1,0,0.2452182471752166,0
Tox21,CO[C@@]12CC[C@@]3(C[C@@H]1[C@](C)(O)C(C)(C)C)[C@H]1Cc4ccc(O)c5c4[C@@]3(CCN1CC1CC1)[C@H]2O5,0,0.8659696578979492,1
Tox21,CCC(C)(O)CCC=C(C)C,0,0.1238123551011085,0
Tox21,CO[Si](CCCNCCC[Si](OC)(OC)OC)(OC)OC,0,0.235454186797142,0
Tox21,N#CNC(=N)N,0,0.2946660816669464,0
Tox21,CCCCCCCCCCCC[N+](C)(C)CCCS(=O)(=O)[O-],0,0.1362138539552688,0
Tox21,S=c1nccc[nH]1,0,0.2924371361732483,0
Tox21,Cc1ncc([C@@H](CCCCCCc2ccc3c(n2)NCCC3)CC(=O)O)cn1,0,0.3439590632915497,0
Tox21,CCOc1cccc(-n2cc(C(=O)N3CCN(c4cc(C(=O)[O-])c5ccccc5c4)CC3)nc2-c2ccc(C)cc2)c1,0,0.3547025620937347,0
Tox21,CN(C)C(=O)NC1(c2ccccc2)CCN(CC[C@@]2(c3ccc(F)c(F)c3)CN(C(=O)c3ccccc3)CCO2)CC1,0,0.4617766141891479,0
Tox21,Cl[Ni]Cl,0,0.0496810413897037,0
Tox21,c1coc(-c2nc3ccccc3[nH]2)c1,0,0.3520630300045013,0
Tox21,CCCCCCCCCCCCCC[P+](CCCCCC)(CCCCCC)CCCCCC,0,0.1495687067508697,0
Tox21,CCC(C)N,0,0.0533227771520614,0
Tox21,CCOc1ccccc1O[C@H](c1ccccc1)[C@H]1CNCCO1,0,0.3215000033378601,0
Tox21,CC(CO)(CO)CO,0,0.1207417547702789,0
Tox21,N=C(N)NCC1COC2(CCCCC2)O1.N=C(N)NCC1COC2(CCCCC2)O1,0,0.4825975894927978,0
Tox21,O=[Bi]Cl,0,0.0059844041243195,0
Tox21,CCCCCCCC/C=C\CCCCCCCCOCCO,0,0.1740143597126007,0
Tox21,CC[C@H]1NC(=O)[C@@H](NC(=O)c2ncccc2O)C(C)OC(=O)[C@H](c2ccccc2)NC(=O)C2CC(=O)CCN2C(=O)[C@H](Cc2ccccc2)N(C)C(=O)[C@@H]2CCCN2C1=O,0,0.4692054986953735,0
Tox21,CC[C@@H](N)CO,0,0.1262715309858322,0
Tox21,CC(O)CN(CC(C)O)CC(C)O,0,0.1930121630430221,0
Tox21,C=CC(=O)OCC(C)O,0,0.2222979813814163,0
Tox21,O=C(CCNNC(=O)c1ccncc1)NCc1ccccc1,0,0.3316325843334198,0
Tox21,O=C(OCC(COC(=O)c1cccnc1)(COC(=O)c1cccnc1)COC(=O)c1cccnc1)c1cccnc1,0,0.3435980677604675,0
Tox21,CCOC(=O)C1=C(COCCN)NC(C)=C(C(=O)OC)C1c1ccccc1Cl.O=S(=O)(O)c1ccccc1,0,0.3504073023796081,0
Tox21,CCCCN(CCCC)C(=O)N(CCCC)CCCC,0,0.1668094545602798,0
Tox21,CN[C@H]1C[C@@H](N)[C@H](O)[C@@H](O[C@@H]2O[C@H](CO)[C@H](O)[C@@H]3OC4(O[C@H]23)O[C@H](C(N)CO)[C@H](O)[C@H](O)[C@H]4O)[C@@H]1O,0,0.6000697016716003,1
Tox21,Nc1nc(NC2CC2)c2ncn([C@@H]3C=C[C@@H](CO)C3)c2n1,0,0.4587886929512024,0
Tox21,O=C1[C@H]2CCCC[C@H]2C(=O)N1CCCCN1CCN(c2nsc3ccccc23)CC1,0,0.4714212715625763,0
Tox21,Cc1cc(C(C#N)c2ccc(Cl)cc2)c(Cl)cc1NC(=O)c1cc(I)cc(I)c1O,0,0.3665968775749206,0
Tox21,Cn1c(=O)cc(Oc2ccc(F)cc2F)c2cnc(NCC(C)(C)O)nc21,0,0.2954466938972473,0
Tox21,CS(=O)(=O)c1ccc([C@@H](CC2CCCC2)C(=O)Nc2cnccn2)cc1Cl,0,0.387436956167221,0
Tox21,CCN(CC)N(O)N=O.CCNCC,0,0.1555382162332534,0
Tox21,O=C(O)[C@@H](O)[C@H](O)[C@H](O)[C@@H](O)C(=O)O,0,0.4220585525035858,0
Tox21,C[n+]1ccn(Cc2ccccc2)c1,0,0.2903098165988922,0
Tox21,CCCC(=O)CC,0,0.1480472832918167,0
Tox21,CC(C)C#N,0,0.1129748076200485,0
Tox21,CCN(CC)c1cc(C)nc2ncnn12,0,0.268056184053421,0
Tox21,II,0,0.0017488141311332,0
Tox21,CCCCC(CC)COC(=O)CS,0,0.1774326115846634,0
Tox21,C=CC(=O)[O-],0,0.2714952230453491,0
Tox21,O=C([O-])C(Cl)(Cl)Cl,0,0.3491052389144897,0
Tox21,CCC(CO)(CO)[N+](=O)[O-],0,0.2805359065532684,0
Tox21,CCC(CC)CO,0,0.1143163368105888,0
Tox21,O=C(CCl)NCO,0,0.2440868765115738,0
Tox21,NCCC[C@H](N)CC(=O)N[C@H]1CNC(=O)[C@H]([C@H]2C[C@H](O)N=C(N)N2)NC(=O)/C(=C/NC(N)=O)NC(=O)[C@H](CO)NC(=O)[C@H](CO)NC1=O,0,0.434360146522522,0
Tox21,O=C1NC(=O)[C@H]2[C@@H]1[C@@H]1C=C[C@H]2C1,0,0.8884362578392029,1
Tox21,c1csc(SSc2cccs2)c1,0,0.2691186368465423,0
Tox21,C=CC(C)(O)CCCC(C)CCCC(C)CCCC(C)C,0,0.1341108828783035,0
Tox21,CCC/C=C/C=C/C(=O)O[C@H]1/C(=C/C(=O)OC)C[C@H]2C[C@H]([C@@H](C)O)OC(=O)C[C@H](O)C[C@@H]3C[C@H](OC(C)=O)C(C)(C)[C@](O)(C[C@@H]4C/C(=C/C(=O)OC)C[C@H](C=CC(C)(C)[C@]1(O)O2)O4)O3,0,0.4962299168109894,0
Tox21,CC1C(=O)CC2C3(C)CCC2(C(C)C(=O)O)C(=O)C13,0,0.9075193405151368,1
Tox21,NC1(c2ccc(-c3nc4ccn5c(=O)[nH]nc5c4cc3-c3ccccc3)cc2)CCC1,0,0.4169779121875763,0
Tox21,COP(=O)(OC)C(O)C(Cl)(Cl)Cl,0,0.3116412162780761,0
Tox21,C[C@@H]1CC=CC=CC=CC=C[C@H](O[C@@H]2O[C@H](C)[C@@H](O)[C@H](N)[C@@H]2O)C[C@@H]2O[C@](O)(C[C@@H](O)C[C@H]3O[C@@H]3C=CC(=O)O1)C[C@H](O)[C@H]2C(=O)O,0,0.5462437868118286,1
Tox21,O=P(c1ccccc1)(c1ccccc1)c1ccccc1,0,0.3360123038291931,0
Tox21,CC(C)(C)NC(=O)[C@@H]1C[C@@H]2CCCC[C@@H]2CN1C[C@@H](O)[C@H](Cc1ccccc1)NC(=O)[C@H](CC(N)=O)NC(=O)c1ccc2ccccc2n1,0,0.4442026913166046,0
Tox21,C[Si](C)=O,0,0.1001836881041526,0
Tox21,CN(C)CCOCCN(C)CCO,0,0.109260581433773,0
Tox21,O=c1c(-c2ccccc2)c1-c1ccccc1,0,0.353880375623703,0
Tox21,C[C@H]1CNc2c(cccc2S(=O)(=O)N[C@@H](CCCNC(=N)N)C(=O)N2CC[C@@H](C)C[C@@H]2C(=O)O)C1,0,0.3747965395450592,0
Tox21,CCO[Si](CC(C)C)(OCC)OCC,0,0.1348463296890258,0
Tox21,CCCCCOC(=O)CCC,0,0.1487757414579391,0
Tox21,c1cncc([C@@H]2CCCCN2)c1,0,0.3338429033756256,0
Tox21,CCOC(=O)C(F)(F)F,0,0.2820862531661987,0
Tox21,O=C1CC2(CCCC2)CC(=O)N1CCNCC1COc2ccccc2O1,0,0.457806795835495,0
Tox21,CCCCCCC#N,0,0.1536094397306442,0
Tox21,C=CC(=O)OCC(CC)CCCC,0,0.1803450435400009,0
Tox21,CCCCC(C=O)CC,0,0.1520423293113708,0
Tox21,CCCC(O)C(CC)CO,0,0.1950329840183258,0
Tox21,C=C1c2cccc(O)c2C(=O)C2=C(O)[C@]3(O)C(=O)C(C(N)=O)=C(O)[C@@H](N(C)C)[C@@H]3[C@@H](O)[C@H]12,0,0.6285336017608643,1
Tox21,C/C=C(C)/C=C/C=C(C)C,0,0.1136692762374877,0
Tox21,CCC[C@H](N[C@@H](C)C(=O)N1[C@H](C(=O)O)C[C@@H]2CCCC[C@@H]21)C(=O)OCC,0,0.543587863445282,1
Tox21,CNC(=O)O/N=C(\C)C(C)S(C)(=O)=O,0,0.2619889974594116,0
Tox21,CCCCN(CCCC)C(=S)[S-].CCCCN(CCCC)C(=S)[S-].[Zn+2],0,0.1272922754287719,0
Tox21,C[C@H]1CCCC(=O)CCCC=Cc2cc(O)cc(O)c2C(=O)O1,0,0.3458856344223022,0
Tox21,CCCCCCCCCI,0,0.0980821624398231,0
Tox21,CCCCCCCCCCCCI,0,0.1145596802234649,0
Tox21,CC(=O)OCCC(C)C,0,0.1163608506321907,0
Tox21,CCCCCCCCCCCCCCCCCC[N+](C)(C)C,0,0.0966839864850044,0
Tox21,Clc1cccc(C(c2ccc3nc[nH]c3c2)n2ccnc2)c1,0,0.3768005669116974,0
Tox21,C[C@H]1CC[C@]2(NC1)O[C@H]1C[C@H]3[C@@H]4CC[C@H]5C[C@@H](O[C@@H]6O[C@H](CO)[C@H](O[C@@H]7O[C@H](CO)[C@@H](O)[C@H](O[C@@H]8OC[C@@H](O)[C@H](O)[C@H]8O)[C@H]7O[C@@H]7O[C@H](CO)[C@@H](O)[C@H](O)[C@H]7O)[C@H](O)[C@H]6O)CC[C@]5(C)[C@H]4CC[C@]3(C)[C@H]1[C@@H]2C,0,0.7559001445770264,1
Tox21,CCC(=O)N(c1ccccc1)C1(COC)CCN(CCn2nnn(CC)c2=O)CC1,0,0.4029737710952759,0
Tox21,[SbH6+3],0,3.5574077017486156e-10,0
Tox21,CC1(C)S[C@@H]2[C@H](NC(=O)COc3ccccc3)C(=O)N2[C@H]1C(=O)[O-],0,0.5115802884101868,1
Tox21,COc1ccc(/N=N/c2cc(C)c(/N=N/c3ccc(S(=O)(=O)[O-])cc3)cc2OC)cc1,0,0.3033631145954132,0
Tox21,C[C@H]1C[C@H](C)C(=O)[C@H]([C@H](O)CC2CC(=O)NC(=O)C2)C1,0,0.5077749490737915,1
Tox21,O=P(O)(O)O,0,0.2290876060724258,0
Tox21,CC1CCc2c(N3CCC(O)CC3)c(F)cc3c(=O)c(C(=O)O)cn1c23,0,0.4055915772914886,0
Tox21,CC[C@H]1OC(=O)[C@H](C)[C@@H](O[C@H]2C[C@@](C)(OC)[C@@H](O)[C@H](C)O2)[C@H](C)[C@@H](O[C@@H]2O[C@H](C)C[C@H](N(C)C)[C@H]2O)[C@](C)(O)C[C@@H](C)CN(C)[C@H](C)[C@@H](O)[C@]1(C)O,0,0.4444994628429413,0
Tox21,CCCCCCOC(=O)CC(CC(=O)OCCCCCC)(OC(=O)CCC)C(=O)OCCCCCC,0,0.2384814023971557,0
Tox21,CN(C[C@@H](CC[N+]12CCC(C3CCCCC3)(CC1)CC2)c1ccc(Cl)c(Cl)c1)C(=O)c1cc(C(F)(F)F)cc(C(F)(F)F)c1,0,0.5529134273529053,1
Tox21,CCCOc1ccc(S(=O)(=O)N2CCN(CC)CC2)cc1-c1nc2c(CC)n(Cc3ccccn3)nc2c(=O)[nH]1,0,0.3188951015472412,0
Tox21,C=CC(=O)OCCCC,1,0.184374526143074,0
Tox21,C=C(NC(=O)C(=C)NC(=O)c1csc(C2=NC3c4csc(n4)C4NC(=O)c5csc(n5)C(C(C)(O)C(C)O)NC(=O)C5CSC(=N5)/C(=C\C)NC(=O)C(C(C)O)NC(=O)c5csc(n5)C3(CC2)NC(=O)C(C)NC(=O)C(=C)NC(=O)C(C)NC(=O)C(C(C)CC)NC2C=Cc3c(C(C)O)cc(nc3C2O)C(=O)OC4C)n1)C(N)=O,0,0.4214459359645843,0
Tox21,CCCCOc1ccc(OCCCN2CCOCC2)cc1,0,0.2523995637893677,0
Tox21,CCC[N+](CCC)(CCC)CCC,0,0.1157258301973342,0
Tox21,O=C(OCCOCCOCCOC(=O)c1ccccc1)c1ccccc1,0,0.3019626438617706,0
Tox21,O=C(C1CCCCC1)N1CC(=O)N2CCc3ccccc3C2C1,0,0.5169945359230042,1
Tox21,CCCCCCCCCCCCCCCCCC(=O)O,0,0.1842721402645111,0
Tox21,[Ni+2],0,4.694472954724915e-05,0
Tox21,CN1CCCN=C1COC(=O)C(O)(c1ccccc1)C1CCCCC1,0,0.4099772274494171,0
Tox21,Cc1ccc(N(CC2=NCCN2)c2cccc(O)c2)cc1,0,0.345464676618576,0
Tox21,CCOC(=O)CCCCCCCCC(=O)OCC,0,0.2165339887142181,0
Tox21,CC(CN)CCCN,0,0.1077878698706626,0
Tox21,O=[N+]([O-])O[Cd]O[N+](=O)[O-],0,0.2620169520378113,0
Tox21,COC(=O)C1CC(=O)C(C(=O)OC)CC1=O,0,0.4221585690975189,0
Tox21,CCCCC(CC)COC(C)=O,0,0.1647359132766723,0
Tox21,CCCCC(CC)COC(=O)CCCCCCCC(=O)OCC(CC)CCCC,0,0.1890025287866592,0
Tox21,C1CN(SSN2CCOCC2)CCO1,0,0.2994726300239563,0
Tox21,CC(CNC1CCCCC1)OC(=O)c1ccccc1,0,0.3251108825206756,0
Tox21,Cc1cc(C)c(NC(=O)C[C@H](CC(=O)[O-])c2cccc3ccccc23)c(C(=O)N2CCC3(CCCC3)CC2)c1,0,0.4367997050285339,0
Tox21,NC(=O)CC[C@@H](N)C(=O)O,0,0.3309116065502167,0
Tox21,C=C(C)C(=O)OCCOCCOC(=O)C(=C)C,0,0.2289007902145385,0
Tox21,CC(=O)OC(C)OC(C)=O,0,0.2678282260894775,0
Tox21,C[Si]1(C)O[Si](C)(C)O[Si](C)(C)O[Si](C)(C)O[Si](C)(C)O1,0,0.2821491956710815,0
Tox21,NS(=O)(=O)[O-],0,0.2139545977115631,0
Tox21,COCCl,0,0.072775200009346,0
Tox21,CCOP(=S)(OCC)SCCl,0,0.17169751226902,0
Tox21,CC(C)=CCC/C(C)=C/COC=O,0,0.1399867981672287,0
Tox21,CCCCCCCCCOC(=O)CCCCC(=O)OCCCCCCC,0,0.1929251253604889,0
Tox21,CC1(C)CC(OC(=O)CCCCCCCCC(=O)OC2CC(C)(C)NC(C)(C)C2)CC(C)(C)N1,0,0.2716443240642547,0
Tox21,Cc1c(N)nc([C@H](CC(N)=O)NC[C@H](N)C(N)=O)nc1C(=O)N[C@H](C(=O)N[C@H](C)[C@@H](O)[C@H](C)C(=O)N[C@H](C(=O)NCCc1nc(-c2nc(C(=O)NCCCCNC(=N)N)cs2)cs1)[C@@H](C)O)[C@@H](O[C@@H]1O[C@@H](CO)[C@@H](O)[C@H](O)[C@@H]1O[C@H]1O[C@H](CO)[C@@H](O)[C@H](OC(N)=O)[C@@H]1O)c1cnc[nH]1,1,0.4076108336448669,0
Tox21,c1ccc2c(c1)CCNC2,0,0.3282325267791748,0
Tox21,COC(C)COC(C)COC(C)CO,0,0.1890360414981842,0
Tox21,OCCN(CCO)CCN(CCO)CCO,0,0.239715114235878,0
Tox21,CC(O)[C@@H]1NC(=O)[C@H](CCCCN)NC(=O)[C@@H](Cc2c[nH]c3ccccc23)NC(=O)[C@H](Cc2ccccc2)NC(=O)[C@@H](NC(=O)[C@H](N)Cc2ccccc2)CSSC[C@@H](C(=O)N[C@H](CO)[C@@H](C)O)NC1=O,0,0.3941886126995086,0
Tox21,CCC(C)SSC(C)CC,0,0.1580173522233963,0
Tox21,O=C(CCN1CC1)OCC(CO)(COC(=O)CCN1CC1)COC(=O)CCN1CC1,0,0.3442796170711517,0
Tox21,O=CC(Br)(Br)Br,0,0.1952047049999237,0
Tox21,CCCCCCCCCCCCCC(=O)O,0,0.1834553182125091,0
Tox21,O=C(O)C(Br)(Br)Br,0,0.2529715597629547,0
Tox21,O=C(CS)OCCOC(=O)CS,0,0.2772599756717682,0
Tox21,Nc1ccc(N=Nc2ccccc2)c(N)n1,0,0.3404833972454071,0
Tox21,CCCCCCCCCCCC(=O)N(CCO)CCO,0,0.2139588594436645,0
Tox21,C=Cc1c(C)c2cc3[nH]c(cc4nc(cc5[nH]c(cc1n2)c(C)c5CCC(=O)[O-])c(CCC(=O)[O-])c4C)c(C)c3C=C,0,0.3767846226692199,0
Tox21,C=CC(C)(CCC=C(C)C)OC(C)=O,0,0.2269822806119918,0
Tox21,OCC(CO)(CO)CO,0,0.1918919831514358,0
Tox21,CCN(CC)C(=S)SSC(=S)N(CC)CC,0,0.2075248509645462,0
Tox21,N#CCBr,0,0.1560015231370926,0
Tox21,CN1[C@H]2CCC[C@@H]1C[C@H](NC(=O)c1nn(C)c3ccccc13)C2,0,0.5556985139846802,1
Tox21,O=C(Cl)/C=C/C(=O)Cl,0,0.3197980523109436,0
Tox21,CC(C[N+](C)(C)C)OC(N)=O,0,0.0942994207143783,0
Tox21,Cc1onc(-c2ccccc2Cl)c1C(=O)N[C@@H]1C(=O)N2[C@@H](C(=O)[O-])C(C)(C)S[C@H]12,0,0.4881775081157684,0
Tox21,N#Cc1c[nH]cc1-c1cccc2c1OC(F)(F)O2,0,0.3853955268859863,0
Tox21,CCCCC(F)(F)[C@@]1(O)CC[C@H]2[C@@H](CC(=O)[C@@H]2CCCCCCC(=O)O)O1,0,0.5638995170593262,1
Tox21,CCOC(=O)CC([O-])C(=O)OCC,0,0.2519086003303528,0
Tox21,C=CC(=O)OCC[N+](C)(C)C,0,0.0893819630146026,0
Tox21,O[C@@H](c1cc(C(F)(F)F)nc2c(C(F)(F)F)cccc12)[C@H]1CCCCN1,0,0.4046140015125274,0
Tox21,CS(=O)(=O)OCC(O)C(O)COS(C)(=O)=O,0,0.2938982248306274,0
Tox21,O=C(NCO)NCO,0,0.244532972574234,0
Tox21,CC(=O)O[C@H]1CC[C@@]2(C)C(=CC[C@H]3[C@@H]4CC=C(c5cccnc5)[C@@]4(C)CC[C@@H]32)C1,0,0.8343576788902283,1
Tox21,CO/N=C1\CN(c2nc3c(cc2F)c(=O)c(C(=O)O)cn3C2CC2)CC1CN,0,0.4463130831718445,0
Tox21,C=CC/C=C/C,0,0.1188383102416992,0
Tox21,Fc1ccc([C@@H]2CCNC[C@H]2COc2ccc3c(c2)OCO3)cc1,0,0.4224075376987457,0
Tox21,CC1=CC(=O)CC(C)(C)C1=O,0,0.3196984231472015,0
Tox21,CCCCCCCCCCCCC(=O)O,0,0.1831836849451065,0
Tox21,CCCCCCCC(=O)N(C)C,0,0.1410415172576904,0
Tox21,COc1cc2nc(N3CCN(C(=O)C4CCCO4)CC3)nc(N)c2cc1OC,0,0.3533463478088379,0
Tox21,CCCCCCCCCCCCCCCCCBr,0,0.1446850597858429,0
Tox21,CCCSC(=O)Cl,0,0.1558702290058136,0
Tox21,CNc1c2c(nn1C)CCCC2,0,0.3025522232055664,0
Tox21,ClC=CCCl,0,0.1703222393989563,0
Tox21,CC(C)C(=O)OCC(C)(C)C(OC(=O)C(C)C)C(C)C,0,0.1452797651290893,0
Tox21,C[Si](C)(C)O[Si](O)(O)O,0,0.1889021545648574,0
Tox21,C=C(C)C(=O)OCCOP(=O)(O)O,0,0.2453558295965194,0
Tox21,O=CCCCC=O,0,0.2324261963367462,0
Tox21,COC(C)(C)CCCC(C)C/C=C/C(C)=C/C(=O)OC(C)C,0,0.1703397929668426,0
Tox21,CCN(C(C)=O)c1cccc(-c2ccnc3c(C#N)cnn23)c1,0,0.3461516499519348,0
Tox21,C=CC(=O)NCOCCCC,0,0.1870115250349044,0
Tox21,CN1CCCC(CN2c3ccccc3Sc3ccccc32)C1,0,0.3233874440193176,0
Tox21,CCCCCCOC(=O)CCCCC,0,0.1557191461324691,0
Tox21,CC=C(C)C(=O)OCCC(C)CCC=C(C)C,0,0.1471146196126938,0
Tox21,C=C(C)C(=O)OCCC(F)(F)C(F)(F)C(F)(F)C(F)(F)C(F)(F)C(F)(F)F,0,0.4256511926651001,0
Tox21,C[C@@H](NCCCc1cccc(C(F)(F)F)c1)c1cccc2ccccc12,0,0.3429147899150848,0
Tox21,CC(O)(P(=O)([O-])O)P(=O)([O-])O,0,0.3584254682064056,0
Tox21,CC[C@H](C)[C@H]1O[C@]2(C=C[C@@H]1C)C[C@@H]1C[C@@H](CC=C(C)[C@@H](O[C@H]3C[C@H](OC)[C@@H](O[C@H]4C[C@H](OC)[C@@H]([NH2+]C)[C@H](C)O4)[C@H](C)O3)[C@@H](C)C=CC=C3CO[C@@H]4[C@H](O)C(C)=C[C@@H](C(=O)O1)[C@]34O)O2.O=C([O-])c1ccccc1,0,0.5088062882423401,1
Tox21,O=C(Nc1ccc(/C=C/c2ccc(NC(=O)c3cc(S(=O)(=O)O)c4cccnc4c3O)cc2S(=O)(=O)O)c(S(=O)(=O)O)c1)c1cc(S(=O)(=O)O)c2cccnc2c1O,0,0.3608000576496124,0
Tox21,CCOP(=S)(OCC)SCSC(C)(C)C,0,0.1552640348672866,0
Tox21,O=C(O)/C=C\C(=O)O,0,0.3380907773971557,0
Tox21,O=C1CCCCCCCCCCC(=O)OCCO1,0,0.2661803364753723,0
Tox21,CN(C)CCCN(C)CCCN(C)C,0,0.0619021877646446,0
Tox21,CN(C)CCO,1,0.0636228024959564,0
Tox21,O=C(O)C(F)(F)C(F)(F)C(F)(F)C(F)(F)C(F)(F)C(F)(F)C(F)(F)F,0,0.4895903766155243,0
Tox21,C=CC(C)=CCC=C(C)C,0,0.1277466118335724,0
Tox21,C=CCOCC(CC)(CO)COCC=C,0,0.1618835180997848,0
Tox21,CCCN1CCC[C@@H]2Cc3n[nH]cc3C[C@H]21,0,0.5019713044166565,1
Tox21,C=CC(=O)NC(C)(C)CC(C)=O,0,0.2146528661251068,0
Tox21,O=C([O-])C(Cl)Cl,0,0.2994712293148041,0
Tox21,CN1C(=O)CC(=O)N(c2ccccc2)c2cc(Cl)ccc21,0,0.3834761083126068,0
Tox21,O=C1C[N+]([O-])=C(c2ccccc2)c2cc(Cl)ccc2N1,0,0.3815082907676697,0
Tox21,O=C(/C=C/c1cccc(F)c1)NC1CC1,0,0.4183766841888428,0
Tox21,Cc1cccc(C)c1NC(=O)CN1CCCC1,0,0.301539808511734,0
Tox21,CCCCCCCCCCCCCCOS(=O)(=O)[O-],0,0.1782538443803787,0
Tox21,S=C1NC=NC2N=CNC12,0,0.4368258118629455,0
Tox21,CCCCCCCCCC(=O)OC,0,0.1631495207548141,0
Tox21,OC/C=C/CO,0,0.1873200237751007,0
Tox21,Cc1cccc(Nc2cc(Cl)nc(SCC(=O)O)n2)c1C,0,0.3195085823535919,0
Tox21,CCCCCCCCCCCCCC,0,0.1213658303022384,0
Tox21,CCCCCCCCCCCCC,0,0.1172149777412414,0
Tox21,CCCCCCCCCCCCCCC,0,0.1250651180744171,0
Tox21,O=C1CN(N=Cc2ccc(-c3ccc([N+](=O)[O-])cc3)o2)C(=O)[N-]1,0,0.3828100562095642,0
Tox21,FC(F)OC(F)(F)C(F)Cl,0,0.3407065272331238,0
hERG,Fc1ccc(C(OCC[NH+]2CC[NH+](CCCc3ccccc3)CC2)c2ccc(F)cc2)cc1,1,0.5280941128730774,1
hERG,Fc1ccc(-n2cc(C3CCN(CCN4CCNC4=S)CC3)c3ccccc32)cc1,1,0.4843969941139221,0
hERG,C[NH+]1CCC[C@@H]1CCO[C@](C)(c1ccccc1)c1ccc(Cl)cc1,1,0.4923675656318664,0
hERG,Cc1cccc(CC[NH+]2CCC(C(=O)c3ccc(NS(C)(=O)=O)cc3)CC2)n1,1,0.4268238544464111,0
hERG,Cc1cccc(C)c1NC(=O)C[NH+]1CC[NH+](CCCC(c2ccc(F)cc2)c2ccc(F)cc2)CC1,1,0.4992117285728454,0
hERG,O=C1N=c2ccccc2=[N+]1C1CC[NH+](CCCC(c2ccc(F)cc2)c2ccc(F)cc2)CC1,1,0.4807836413383484,0
hERG,O=C1NCCN1CCN1CCC([C@@H]2CN(c3ccc(F)cc3)c3ccccc32)CC1,1,0.4844634234905243,0
hERG,O=C(CCC[NH+]1CC=C([N+]2=c3ccccc3=NC2=O)CC1)c1ccc(F)cc1,1,0.4270418286323547,0
hERG,NC(=O)C(c1ccccc1)(c1ccccc1)[C@@H]1CCN(CCc2ccc3c(c2)CCO3)C1,1,0.5197985172271729,1
hERG,c1ccc(-c2[nH]c3ccccc3c2C2CCN(c3ccccc3)CC2)cc1,1,0.5983430743217468,1
hERG,CC(C)(C)OC(=O)N1CC[C@@H]2C[NH+](C[C@@H](O)COc3ccc(C#N)cc3)C[C@@H](C1)O2,1,0.3877631723880768,0
hERG,Cc1cn(-c2cc(NC(=O)c3ccc(C)c(Nc4nccc(-c5cccnc5)n4)c3)cc(C(F)(F)F)c2)cn1,1,0.4406773149967193,0
hERG,CN(CCN(C)S(=O)(=O)c1ccc(NS(C)(=O)=O)cc1)c1nc2ccccc2n1C,1,0.3355166614055633,0
hERG,COc1ccc(C2CCN(CC[C@H]3CCOc4ccccc43)CC2)cc1OC,1,0.511641263961792,1
hERG,O=C(O[C@@H]1CN2CCC1CC2)N1CCc2ccccc2[C@@H]1c1ccccc1,1,0.4973631203174591,0
hERG,c1ccc(C[NH+]2CCC[C@H](c3c(-c4ccccc4)[nH]c4ccccc34)C2)cc1,1,0.6008634567260742,1
hERG,CC[NH+](CC)CCCN(CC(=O)N(C1CCCCC1)C1CCCCC1)C(=O)c1ccc([N+](=O)[O-])cc1,1,0.4315798878669739,0
hERG,O=C1CCc2ccc(OCCCCN3CCN(c4cccc(Cl)c4Cl)CC3)cc2N1,1,0.4191777110099792,0
hERG,CC[C@H]1[C@H]2C[C@H]3[C@@H]4N(C)c5ccccc5[C@]45C[C@@H]([C@H]2[C@H]5O)N3[C@@H]1O,1,0.431605726480484,0
hERG,O=C1CCC(c2ccc(Nc3ccncc3)cc2)=NN1,1,0.4631511270999908,0
hERG,COc1ccc(C(=O)N2CCN(c3ccc4c(c3)CCC(=O)N4)CC2)cc1OC,1,0.4414565563201904,0
hERG,CS(=O)(=O)CCNCc1ccc(-c2ccc3ncnc(Nc4ccc(OCc5cccc(F)c5)c(Cl)c4)c3c2)o1,1,0.4204488098621368,0
hERG,C[NH2+]CCCC1c2ccccc2C=Cc2ccccc21,1,0.5779085755348206,1
hERG,O=C1NC[C@@H](c2ccccc2)C12CCN([C@H]1CCCC[C@@H]1c1ccccc1)CC2,1,0.5206678509712219,1
hERG,COc1cc2nc(N3CCN(C(=O)c4ccco4)CC3)[nH]c(=N)c2cc1OC,1,0.427620530128479,0
hERG,Cc1ccc(-c2nc(NC(=O)CN3CCC(CN(C)C)CC3)cc(-n3nccc3C)n2)o1,1,0.4479312896728515,0
hERG,CCC(=O)N(c1ccccc1)C1CC[NH+](CCc2ccccc2)CC1,1,0.527319610118866,1
hERG,COc1cc2c(cc1OC)[C@@H](Cc1ccc(Oc3cc(C[C@@H]4c5cc(OC)c(OC)cc5CCN4C)ccc3O)cc1)N(C)CC2,1,0.482069730758667,0
hERG,O=c1n(CCCN2CCN(c3cccc(Cl)c3)CC2)nc2ccccn12,1,0.4758323431015014,0
hERG,C[NH2+]CCCC12CCC(c3ccccc31)c1ccccc12,1,0.5805789232254028,1
hERG,O=C1CN(CCc2ccc(F)cc2)CCN1[C@H]1CCc2cc(Cn3ccnc3)ccc2C1,1,0.5022664666175842,1
hERG,COCCC[NH+]1CCC(NC(=O)c2cc(Cl)c(N)c3c2OCC3)CC1,1,0.4045316576957702,0
hERG,N#Cc1ccc(Cn2cncc2C[NH2+][C@@H]2CCN(C(=O)c3cccc(Cl)c3)C2=O)cc1,1,0.4226596057415008,0
hERG,O=C(OC1C[C@H]2CC3C[C@H](C1)[NH+]2CC3=O)C1=c2ccccc2=NC1,1,0.4110793769359588,0
hERG,CCCCc1nc(Cl)c(CO)n1Cc1ccc(-c2ccccc2-c2nn[n-]n2)cc1,1,0.4713899791240692,0
hERG,CC(C)c1nc(CN(C)C(=O)N[C@H](C(=O)N[C@@H](Cc2ccccc2)C[C@H](O)[C@H](Cc2ccccc2)NC(=O)OCc2cncs2)C(C)C)cs1,1,0.3765105903148651,0
hERG,CN(C(=O)Cc1ccc(CNS(C)(=O)=O)cc1)[C@@H](CN1CC[C@@H](O)C1)c1ccccc1,1,0.4116900563240051,0
hERG,CCCc1nc(C)c2c(=O)nc(-c3cc(S(=O)(=O)N4CC[NH+](CC)CC4)ccc3OCC)[nH]n12,1,0.3935445845127105,0
hERG,Cc1cc2c(s1)Nc1ccccc1N=C2N1CCNCC1,1,0.4093659222126007,0
hERG,Cc1nnc(C(C)C)n1C1C[C@@H]2CC[C@H](C1)N2CC[C@H](NC(=O)C1CCC(F)(F)CC1)c1ccccc1,0,0.448896586894989,0
hERG,CCOP(=O)(Sc1ccccc1)Sc1ccccc1,0,0.2828625738620758,0
hERG,CC(C)Oc1cc([C@@H](C2=CCC(=O)N=C2)C2=CN[C@@H](C(C)(C)O)C=C2)ccc1OC(F)F,0,0.3297238647937774,0
hERG,O=C(NCCN1CCOCC1)c1ccc(Cl)cc1,0,0.4038418531417846,0
hERG,COc1cc2nc(N(C)CCCNC(=O)[C@H]3CCCO3)nc(C)c2cc1OC,0,0.4187743365764618,0
hERG,CCOC(=O)[C@H](CCc1ccccc1)N[C@@H](C)C(=O)N1CCC[C@H]1C(=O)O,0,0.3866983354091644,0
hERG,O=c1c(O)c(-c2ccc(O)cc2O)oc2cc(O)cc(O)c12,0,0.4064407050609588,0
hERG,COc1c(N2C[C@H]3CCC[NH2+][C@H]3C2)c(F)cc2c1[N+](C1CC1)=C[C@@H](C(=O)[O-])C2=O,0,0.3780956864356994,0
hERG,O=C1NCCN1CC[NH+]1CCC(c2cn(C3CCCCC3)c3ccc(Cl)cc23)CC1,0,0.4777364134788513,0
hERG,NC1=[NH+]C[C@H]2c3ccccc3Cc3ccccc3N12,0,0.5221343636512756,1
hERG,CO/N=C1\CN(c2nc3c(cc2F)C(=O)[C@H](C(=O)O)CN3C2CC2)CC12CNC2,0,0.3361823260784149,0
hERG,O=C1NC(=O)C(c2ccccc2)(c2ccccc2)N1,0,0.4436602890491485,0
hERG,C[NH+]1CCC[C@@H]1c1cccnc1,0,0.5418774485588074,1
hERG,COc1ccc2c(c1)c(CC(=O)[O-])c(C)n2C(=O)c1ccc(Cl)cc1,0,0.3997196555137634,0
hERG,CC(=O)Oc1ccc2c3c1O[C@H]1[C@@H](OC(C)=O)C=C[C@H]4[C@@H](C2)N(C)CC[C@]314,0,0.3597811460494995,0
hERG,O=C([O-])C1=C[N+](C2CC2)=C2C=C(N3CC[NH2+]CC3)C(F)=C[C@H]2C1=O,0,0.2915535271167755,0
hERG,Cc1cc(NS(=O)(=O)c2ccc(N)cc2)no1,0,0.3236289918422699,0
hERG,CC(C)(C#N)c1cc(Cn2cncn2)cc(C(C)(C)C#N)c1,0,0.4214510917663574,0
hERG,Nc1nc(N)nc(CCCCc2nc(N)nc(N)n2)n1,0,0.3987892270088196,0
hERG,NCCNC[C@@H](O)CO,0,0.4044953882694244,0
hERG,NCCSCCC(=O)O,0,0.2151956558227539,0
hERG,N[C@H](CNO)C(=O)O,0,0.2651260793209076,0
hERG,O=c1[nH]c(SCc2c(Cl)c(Cl)c(Cl)c(Cl)c2Cl)nc(=S)[nH]1,0,0.1330707967281341,0
hERG,CCc1nc(N)nc(N)c1-c1ccc(Cl)cc1,0,0.4250601232051849,0
hERG,Nc1nc2ccc(OC(F)(F)F)cc2s1,0,0.214698851108551,0
hERG,CNS(=O)(=O)Cc1ccc2c(c1)C(CC[NH+](C)C)C=N2,0,0.3683464229106903,0
BBBP,CCN1CCN(C(=O)N[C@@H](C(=O)N[C@H]2[C@H]3SCC(=C(N3C2=O)C(O)=O)CSc4nnnn4C)c5ccc(O)cc5)C(=O)C1=O,1,0.0480561815202236,0
BBBP,COc1ccc(Cl)cc1C(=O)NCCc2ccc(cc2)[S](=O)(=O)NC(=O)NC3CCCCC3,1,0.6569198966026306,1
BBBP,CN(C)c1cc(C2=NC(N)=NN2)ccn1,0,0.5035009384155273,1
BBBP,CN(C)Cc1ccc(c2cccc(NC3C([N+]([O-])=O)=CC=N3)c2)o1,1,0.4963414371013641,0
BBBP,ClC1=CC=CC(OC2CCN(CCC3CCCN3S(C4=CC(N([H])C=C5)=C5C=C4)(=O)=O)CC2)=C1,1,0.5129826664924622,1
BBBP,CCCCC[C@H](O)/C=C/[C@H]1[C@H](O)CC(=O)[C@@H]1CCCCCCC(O)=O,0,0.5363367199897766,1
BBBP,CCCCc1oc2ccccc2c1C(=O)c3cc(I)c(OCCN(CC)CC)c(I)c3,0,0.7918485999107361,1
BBBP,OC(=O)CCC(O)=O.FC(F)(F)c1ccc2Sc3ccccc3N(CCCN4CCN(CCC5OCCCO5)CC4)c2c1,1,0.81279057264328,1
BBBP,Cc1c(O)cccc1C(=O)N[C@@H](CSc2ccccc2)[C@H](O)CN3C[C@H]4CCCC[C@H]4C[C@H]3C(=O)NC(C)(C)C,0,0.3866085112094879,0
BBBP,COc1ccc(CCN2CCC(CC2)Nc3nc4ccccc4n3Cc5ccc(F)cc5)cc1,0,0.6569722890853882,1
BBBP,COc1ccc2nc([nH]c2c1)[S](=O)Cc3ncc(C)c(OC)c3C,0,0.4070146679878235,0
BBBP,N[S](=O)(=O)c1cc2c(NC=N[S]2(=O)=O)cc1Cl,0,0.1212480142712593,0
BBBP,CO[C@@H]([C@@H]1Cc2cc3cc(O[C@H]4C[C@@H](O[C@H]5C[C@@H](O)[C@H](O)[C@@H](C)O5)[C@H](O)[C@@H](C)O4)c(C)c(O)c3c(O)c2C(=O)[C@H]1O[C@H]6C[C@@H](O[C@H]7C[C@@H](O[C@H]8C[C@](C)(O)[C@H](O)[C@@H](C)O8)[C@H](O)[C@@H](C)O7)[C@H](O)[C@@H](C)O6)C(=O)[C@@H](O)[C@@H](C)O,1,0.0108377039432525,0
BBBP,Clc1ccc2N(C3CCN(CCCN4C(=O)Nc5ccccc45)CC3)C(=O)Nc2c1,0,0.7912490963935852,1
BBBP,CO[C@H]1[C@@H](C[C@@H]2CN3CCc4c([nH]c5cc(OC)ccc45)[C@H]3C[C@@H]2[C@@H]1C(=O)OC)OC(=O)\C=C\c6cc(OC)c(OC)c(OC)c6,1,0.6470258831977844,1
BBBP,CC[N+](C)(C)Cc1ccccc1Br.Cc2ccc(cc2)[S]([O-])(=O)=O,0,0.5950167179107666,1
BBBP,COC1=CC=C2[C@H]3Cc4ccc(OC)c5O[C@@H]1[C@]2(CCN3C)c45,1,0.8088709115982056,1
BBBP,Clc1cccc(c1)N2CCN(CCCN3N=C4C=CC=CN4C3=O)CC2,1,0.7508081793785095,1
BBBP,CC1=C(N2[C@H](SC1)[C@H](NC(=O)[C@H](N)C3=CCC=CC3)C2=O)C(O)=O,0,0.02279151417315,0
BBBP,N[S](=O)(=O)c1cc(C(O)=O)c(NCc2occc2)cc1Cl,0,0.2071641385555267,0
BBBP,[Br-].C[N+]1(C)CCC(C1)OC(=O)C(O)(C2CCCC2)c3ccccc3,0,0.1942609250545501,0
BBBP,CCCCNC(=O)OCC(C)(CCC)COC(N)=O,1,0.9307678937911988,1
BBBP,OC(COc1ccc2OC(=CC(=O)c2c1)C(O)=O)COc3cccc4OC(=CC(=O)c34)C(O)=O,0,0.0941621363162994,0
BBBP,CC#C[C@]1(O)CC[C@H]2[C@@H]3CCC4=CC(=O)CCC4=C3[C@H](C[C@]12C)c5ccc(cc5)N(C)C,0,0.7053738832473755,1
BBBP,CCc1nc(N)nc(N)c1c2ccc(Cl)cc2,1,0.6881235241889954,1
BBBP,COc1ccc(CN(CCN(C)C)c2ccccn2)cc1,0,0.7886092066764832,1
BBBP,CC(C)[C@H](NC(=O)N(C)Cc1csc(n1)C(C)C)C(=O)N[C@H](C[C@H](O)[C@H](Cc2ccccc2)NC(=O)OCc3scnc3)Cc4ccccc4,0,0.6455578804016113,1
BBBP,Nc1ccc(cc1)[S](=O)(=O)Nc2ncccn2,1,0.2315200567245483,0
BBBP,C[C@H]1O[C@@H](O[C@@H]\2C[C@@H]3O[C@](O)(C[C@@H](O)C[C@@H](O)[C@H](O)CC[C@@H](O)C[C@@H](O)CC(=O)O[C@@H](C)[C@H](C)[C@H](O)[C@@H](C)\C=C/C=C\C=C/C=C\C=C/C=C\C=C2)C[C@H](O)[C@H]3C(O)=O)[C@@H](O)[C@@H](N)[C@@H]1O,0,0.0232161525636911,0
BBBP,NC1=C(F)C=NC(=O)N1,1,0.5153133273124695,1
BBBP,COc1cc(cc(OC)c1O)[C@H]2[C@@H]3[C@H](COC3=O)[C@H](OC4OC5COC(OC5C(O)C4O)c6sccc6)c7cc8OCOc8cc27,1,0.1737359762191772,0
BBBP,CN[C@H](CC(C)C)C(=O)NC1[C@H](O)c2ccc(Oc3cc4cc(Oc5ccc(cc5Cl)[C@@H](O)[C@@H]6NC(=O)[C@H](NC(=O)[C@@H]4NC(=O)[C@H](CC(N)=O)NC1=O)c7ccc(O)c(c7)c8c(O)cc(O)cc8[C@@H](NC6=O)C(O)=O)c3O[C@@H]9O[C@H](CO)[C@@H](O)[C@H](O)[C@H]9O[C@H]%10C[C@](C)(N)[C@H](O)[C@H](C)O%10)c(Cl)c2,0,0.0700901597738266,0
BBBP,CC(Cl)(Cl)Cl,1,0.9999997615814208,1
BBBP,S=C(NC1CCCCC1)N2CCC(CC2)c3[nH]cnc3,1,0.8407408595085144,1
BBBP,CC1C=CC=C(C(=O)NC2=C(C3=C(C(=C4C(=C3C(=O)C2=CNN5CCN(CC5)C)C(=O)C(O4)(OC=CC(C(C(C(C(C(C1O)C)O)C)OC(=O)C)C)OC)C)C)O)O)C,0,0.2023424059152603,0
BBBP,C[C@]1(O)CC[C@H]2[C@@H]3CC[C@H]4Cc5[nH]ncc5C[C@]4(C)[C@H]3CC[C@]12C,0,0.58588045835495,1
BBBP,CCC(C)CC,1,0.9885408282279968,1
BBBP,CC(C)(C)OC(=O)c1ncn2c3cccc(Br)c3C(=O)N4CCC[C@H]4c12,1,0.6270120739936829,1
BBBP,CN1C(CNC(=O)c2cscc2)CN=C(c3ccccc3F)c4ccccc14,1,0.6958736181259155,1
BBBP,Nc1nc(N)c2nc(c3ccccc3)c(N)nc2n1,0,0.2611320912837982,0
BBBP,CC(C)[C@@H]1NC(=O)[C@H](C)OC(=O)C(NC(=O)[C@H](OC(=O)[C@@H](NC(=O)[C@H](C)OC(=O)[C@H](NC(=O)[C@H](OC(=O)[C@@H](NC(=O)[C@H](C)OC(=O)[C@H](NC(=O)[C@H](OC1=O)C(C)C)C(C)C)C(C)C)C(C)C)C(C)C)C(C)C)C(C)C)C(C)C,0,0.313584953546524,0
BBBP,CCC(C)=O,1,0.9802201986312866,1
BBBP,Fc1ccc(cc1)C(=O)CCCN2CCC(CC2)N3C(=O)Nc4ccccc34,1,0.7480351328849792,1
BBBP,OC(CCN1CCCCC1)(C2CC3CC2C=C3)c4ccccc4,1,0.7241264581680298,1
BBBP,CC(C)(C)NC(=O)[C@@H]1CN(CCN1C[C@@H](O)C[C@@H](Cc2ccccc2)C(=O)N[C@@H]3[C@H](O)Cc4ccccc34)Cc5cccnc5,1,0.3692309558391571,0
BBBP,CCN1C=C(C(O)=O)C(=O)c2cc(F)c(nc12)N3CCNCC3,0,0.4146997928619385,0
BBBP,CCCCCc1cc(O)c(C2C=C(C)CC[C@H]2C(C)=C)c(O)c1,1,0.5003077983856201,1
BBBP,CCCCC,1,0.998754382133484,1
BBBP,CC(C)=O,1,0.9890204071998596,1
BBBP,CN=C1CN(O)C(=C2C=C(Cl)C=CC2=N1)c3ccccc3,1,0.5812481641769409,1
BBBP,Clc1ccc2OC(=O)Nc2c1,1,0.7966288924217224,1
BBBP,C[N+](C)(C)CCO,1,0.687205970287323,1
BBBP,CN1C(=C(\O)Nc2cc(C)on2)/C(=O)c3ccccc3[S]1(=O)=O,0,0.0621060691773891,0
BBBP,COC(=O)[C@H]1[C@H](CC2CCC1N2C)OC(=O)c3ccccc3,1,0.51451176404953,1
BBBP,CC(C)Nc1cccnc1N2CCN(CC2)C(=O)c3[nH]c4ccc(N[S](C)(=O)=O)cc4c3,0,0.6518660187721252,1
BBBP,c1(ccc(c(c1)Cl)Cl)CC(N1[C@H](C[C@]2(CC1)NC(NC2=O)=O)CN1CCCC1)=O,0,0.5864503383636475,1
BBBP,c1(ccc(c(c1)Cl)Cl)CC(N1[C@H](CN2CCCC2)c2n(CC1)ncn2)=O,1,0.6471173167228699,1
BBBP,Fc1ccc(cc1)C(=O)CCCN2CCC(=CC2)N3C(=O)Nc4ccccc34,1,0.7151215076446533,1
BBBP,CCC(O)(\C=C\Cl)C#C,1,0.1925053894519806,0
BBBP,Cc1nccc2c1[nH]c3ccccc23,1,0.6377966403961182,1
BBBP,CN1C(=C(\O)Nc2ccccn2)/C(=O)c3sccc3[S]1(=O)=O,0,0.0794027596712112,0
BBBP,CN(C1CCCC[C@H]1N2CCCC2)C(=O)Cc3ccc(Cl)c(Cl)c3,1,0.7522243857383728,1
BBBP,c1(nccc(c1)c1nc([nH]n1)N)N(C)C,0,0.4755544364452362,0
BBBP,n1(c(c2nc[nH]c2n(c1=O)C)=O)C,1,0.4723550379276275,0
BBBP,CCCC(C)(COC(N)=O)COC(N)=O,1,0.8111518621444702,1
BBBP,NCCCNCCS[P](O)(O)=O,0,0.5636217594146729,1
BBBP,C[C@@H](CN1CC(=O)NC(=O)C1)N2CC(=O)NC(=O)C2,0,0.6581189632415771,1
BBBP,CN1CCC(=CC1)c2ccccc2,1,0.8554266691207886,1
BBBP,CN1CCC[C@H]1c2cccnc2,1,0.796826958656311,1
BBBP,CCOC(=O)[C@H](CCc1ccccc1)N[C@@H](C)C(=O)N2CCC[C@H]2C(O)=O,0,0.4465234875679016,0
BBBP,CC[C@@]1(O)C[C@H](OC2CC(C(OC3CC(O)C(OC4CCC(=O)C(C)O4)C(C)O3)C(C)O2)N(C)C)c5c(O)c6C(=O)c7c(O)cccc7C(=O)c6cc5[C@H]1C(=O)OC,0,0.0885263532400131,0
BBBP,CC(C)COCC(CN(Cc1ccccc1)c2ccccc2)N3CCCC3,0,0.8217738270759583,1
BBBP,CO/N=C(C(=O)N[C@H]1[C@H]2SCC(=C(N2C1=O)C(O)=O)CSc3nnnn3C)/c4csc(N)n4,0,0.0445516481995582,0
BBBP,CO[C@]1(NC(=O)C2S\C(S2)=C(\C(N)=O)C(O)=O)[C@H]3SCC(=C(N3C1=O)C(O)=O)CSc4nnnn4C,0,0.0216158106923103,0
BBBP,CO/N=C(C(=O)N[C@H]1[C@H]2SCC(=C(N2C1=O)C(O)=O)CSC(=O)c3occc3)/c4csc(N)n4,0,0.0528702549636364,0
BBBP,CO/N=C(C(=O)N[C@H]1[C@H]2SCC(=C(N2C1=O)C(O)=O)\C=C\SC3=NNC(=O)C(=O)N3CC=O)/c4csc(N)n4,0,0.1204244568943977,0
BBBP,CO/N=C(C(=O)N[C@H]1[C@@H]2N(C1=O)C(=C(COC(C)=O)C[S]2=O)C(O)=O)/c3csc(N)n3,0,0.1171299591660499,0
BBBP,CO/N=C(C(=O)N[C@H]1[C@H]2SCC(=C(N2C1=O)C(O)=O)CSc3snnc3)/c4csc(N)n4,0,0.1250706613063812,0
BBBP,CC(C)C1NC(=O)C(NC(=O)c2ccc(C)c3OC4=C(C)C(=O)C(=C(C(=O)NC5C(C)OC(=O)C(C(C)C)N(C)C(=O)CN(C)C(=O)C6CCCN6C(=O)C(NC5=O)C(C)C)C4=Nc23)N)C(C)OC(=O)C(C(C)C)N(C)C(=O)CN(C)C(=O)C7CCCN7C1=O,0,0.3733859956264496,0
BBBP,[Na].CO[C@]1(NC(=O)CSC(F)(F)F)[C@H]2OCC(=C(N2C1=O)C(O)=O)CSc3nnnn3CCO,0,0.2308069914579391,0
BBBP,COc1cccc(OC)c1C(=O)N[C@H]2[C@H]3SC(C)(C)[C@@H](N3C2=O)C(O)=O,0,0.0642478317022323,0
BBBP,COCC(=O)O[C@]1(CCN(C)CCCc2[nH]c3ccccc3n2)CCc4cc(F)ccc4[C@@H]1C(C)C,0,0.8289381861686707,1
BBBP,CO[C@@]12[C@H](COC(N)=O)C3=C(N1C[C@@H]4N[C@H]24)C(=O)C(=C(N)C3=O)C,0,0.51820969581604,1
BBBP,CO[C@]1(NC(=O)C(C(O)=O)c2ccc(O)cc2)[C@H]3OCC(=C(N3C1=O)C(O)=O)CSc4nnnn4C,0,0.0807457640767097,0
BBBP,CN(C)[C@H]1[C@@H]2C[C@H]3C(=C(O)c4c(O)cccc4[C@@]3(C)O)C(=O)[C@]2(O)C(=O)\C(=C(/O)NCNC(C(=O)NC5C6SC(C)(C)C(N6C5=O)C(O)=O)c7ccccc7)C1=O,0,0.058156918734312,0
BBBP,COc1cccc2C(=O)c3c(O)c4C[C@](O)(C[C@H](O[C@H]5C[C@H](N)[C@H](O[C@H]6CCCCO6)[C@H](C)O5)c4c(O)c3C(=O)c12)C(=O)CO,0,0.1032617092132568,0
BBBP,CC1(C)S[C@@H]2[C@H](NC(=O)c3nc4ccccc4nc3C(O)=O)C(=O)N2[C@H]1C(O)=O,0,0.0301559176295995,0
BBBP,CO[C@H]1/C=C/O[C@@]2(C)Oc3c(C)c(O)c4C(=O)C(=C5NC6(CCN(CC6)CC(C)C)N=C5c4c3C2=O)NC(=O)C(=C\C=C\[C@H](C)[C@H](O)[C@@H](C)[C@@H](O)[C@@H](C)[C@H](OC(C)=O)[C@@H]1C)/C,0,0.2653387784957886,0
BBBP,COC1C=COC5(C)Oc4c(C)c(O)c3c(O)c(NC(=O)C(=CC=CC(C)C(O)C(C)C(O)C(C)C(OC(C)=O)C1C)C)c(C=NN2CCN(C)CC2)c(O)c3c4C5=O,0,0.202249526977539,0
BBBP,CO[C@@H]1C[C@@H](CC[C@H]1O)/C=C(C)/[C@H]2OC(=O)[C@@H]3CCCCN3C(=O)C(=O)[C@]4(O)O[C@H]([C@H](C[C@@H](C)CC(=C/[C@@H](CC=C)C(=O)C[C@H](O)[C@H]2C)/C)OC)[C@H](C[C@H]4C)OC,0,0.2880381643772125,0
BBBP,C[C@]1(Cn2ccnn2)[C@@H](N3[C@@H](CC3=O)[S]1(=O)=O)C(O)=O,0,0.023518456146121,0
BBBP,CC1(C)SC2C(NC(=O)CSc3ccccc3)C(=O)N2C1C(O)=O,0,0.058043647557497,0
BBBP,CCCC[C@@H]1CC(=O)[C@]2(O)O[C@@H]3[C@@H](NC)[C@@H](O)[C@@H](NC)[C@H](O)[C@H]3O[C@@H]2O1,0,0.0586627349257469,0
BBBP,[C@@]3(C1=CC=CS1)(N2CCCCC2)[C@H](CCCC3)C,1,0.9685010313987732,1
BBBP,C(C(C(NC(NC(C)=O)=O)=O)(CC)Br)C,1,0.95301753282547,1
BBBP,C(C(NC(C)=O)C(O)=O)CC(N)=O,1,0.4157076478004455,0
BBBP,C2=C(CC(C(NCC(OCC1=CC=CC=C1)=O)=O)CSC(C)=O)C=CC=C2,1,0.6909717321395874,1
BBBP,C1=CC=C3C2=C1C(N(CC(O)=O)C(C2=CC=C3)=O)=O,1,0.3755549192428589,0
BBBP,C1=C(C=CC=C1N2C(C=CC=C2)=O)N,1,0.5488396883010864,1
BBBP,C3=C(CCN1CCC(CC1)(C2=CC=CC=C2)C(OCC)=O)C=CC(=C3)N,1,0.771975576877594,1
BBBP,C1=CC(=CC5=C1N(C4CCN(CC3OC2=C(C=CC=C2)OC3)CC4)C(N5)=O)Cl,1,0.6623642444610596,1
BBBP,CN(CCc2cc3cccc4CCc1ccccc1n2c34)Cc5ccccc5,1,0.7515166997909546,1
BBBP,C3=C(C(SC(/CCOC(C1=CC=CC=C1)=O)=C(N(CC2=C(N=C(N=C2)C)N)C=O)/C)=O)C=CC=C3,1,0.7077175378799438,1
BBBP,CC(C(C(NC(N)=O)=O)Br)C,1,0.8516977429389954,1
BBBP,[C@]235[C@]([C@H](N(CC1CCC1)CC2)CC4=C3C=C(O)C=C4)(CCCC5)O,1,0.7329645752906799,1
BBBP,C(C(OC(C(Cl)(Cl)Cl)O)C)C(C)(C)O,1,0.8644456267356873,1
BBBP,C1=C(SC2=C1C(=NCC3=NN=C([N]23)C4CCCCC4)C5=CC=CC=C5Cl)Br,1,0.917324721813202,1
BBBP,C1=C(Cl)C=CC(=C1C(C2=C(C=CC=C2)Cl)=O)N(C(CNC3CC3)=O)C,1,0.7528859376907349,1
BBBP,C1=C(C(=CC(=C1Cl)N)OC)C(NC3CCN(CC2=CC=CC=C2)CC3)=O,1,0.6626668572425842,1
BBBP,C1=CC=CC4=C1C(N(CCCN3CCN(C2=CC(=CC=C2)Cl)CC3)C(N4)=O)=O,1,0.7683791518211365,1
BBBP,[C@H]26[C@H]1[C@@]([C@](C(COC(C)=O)=O)(O)[C@@H](C1)C)(C[C@@H]([C@@H]2[C@@]3(C(=CC4=C(C3)C=N[N]4C5=CC=CC=C5)C(=C6)C)C)O)C,1,0.5790599584579468,1
BBBP,C1=CC=NC=C1C2N(C(=O)CC2)C,1,0.6252108812332153,1
BBBP,CC2(CC(OC(C1NC(=O)CC1)=O)CC(C2)C)C,1,0.5068872570991516,1
BBBP,C4=C(C(C2C(C1=CC=NC=C1)C2)(C3=CC=CC=C3)O)C=CC=C4,1,0.6978917121887207,1
BBBP,C1=C(N=C2[N]1C(=C(CC)C(=N2)OC)C)C(C3=CC=CC=C3)=O,1,0.5783045887947083,1
BBBP,[C@]4([C@@]3([C@H]([C@H]2[C@@H]([C@@]1(C(=CC(=O)C=C1)CC2)C)[C@H](C3)O)CCC4)C)(OC(CCC)=O)C(C)=O,1,0.7856252789497375,1
BBBP,C4=C(CCNC(C12CC3CC(C1)CC(C2)C3)=O)C=CC(=C4O)O,1,0.2772192060947418,0
BBBP,C1=C(C(F)(F)F)C=CC3=C1N(C2=C(C=CC=C2)S3)CCCN5CCC(C(C4=CC=C(F)C=C4)=O)CC5,1,0.8813298940658569,1
BBBP,C2=C(N1N=C(C)CC1=O)C=CC=C2,1,0.5854200124740601,1
BBBP,C1=C(Cl)C=CC3=C1C(C2=CC=CC=C2)SC(=N3)NCC,1,0.8428738713264465,1
BBBP,C=C,1,0.9714232683181764,1
BBBP,C3=C(C1=NC(=N[N]1C)C2=CC=CN=C2)C(=CC=C3)CO,1,0.4263597130775451,0
BBBP,C1=CC=CC=C1[P](C2=CC=CC=C2)(CC(NN)=O)=O,1,0.5571060180664062,1
BBBP,C1=NC(=C(C2=C1[NH]C3=C2C(=CC=C3)OC4=CC=C(C=C4)Cl)COC)C(OC(C)C)=O,1,0.688169538974762,1
BBBP,C3=C2N(C1=CC=CC=C1C=CC2=CC=C3)CCCN4C=CN(CC=C4)CCO,1,0.7334131598472595,1
BBBP,C1=C(O)C=CC2=C1C(=C(C)[N]2CC3=CC=C(OC)C=C3)CCN,1,0.608465313911438,1
BBBP,C1=CC=NC(=N1)N3CCN(CCCC[N]2C=C(Cl)C=N2)CC3,1,0.815761148929596,1
BBBP,C1=CC(=CC4=C1N2C(=NC(/C2=O)=C\N3CCN(C)CC3)CN=C4C5=C(C=CC=C5)Cl)[N+](=O)[O-],1,0.5975549221038818,1
BBBP,[C@@]123OC4=C(C(C1CN(CC2)C)CC(=O)N3)C=C(Cl)C=C4,1,0.8047994375228882,1
BBBP,C2=C(C(C1C(=CC(O1)=O)OC)O)C(=CC=C2)Cl,1,0.3169193863868713,0
BBBP,CNC(NC(C(Cl)(Cl)Cl)O)=O,1,0.9961896538734436,1
BBBP,C1(=NC(NC1(C(F)(F)F)C(F)(F)F)(C(F)(F)F)C(F)(F)F)N,1,0.7977606654167175,1
BBBP,[C@@]126C3=C4C[C@H]([C@@H]1C=C[C@@H]([C@@H]2OC3=C(C=C4)OCC5=CC=CC=C5)OC(CCCCCCCCCCCCC)=O)N(CC6)C,1,0.9187417030334472,1
BBBP,C1=CN=CC=C1C(NNCCC(NCC2=CC=CC=C2)=O)=O,1,0.761224091053009,1
BBBP,C(C(F)(F)F)F,1,0.9824069738388062,1
BBBP,C(C(NN)C)CCCCC,1,0.981183648109436,1
BBBP,C1=CC=CC=C1C[N+](C(CC2=CC=CC=C2)C)(C)[O-],1,0.6427920460700989,1
BBBP,CC1OC(C)OC(O1)C,1,0.0837041735649108,0
BBBP,C(C(COC(C(Cl)(Cl)Cl)O)(COC(C(Cl)(Cl)Cl)O)COC(C(Cl)(Cl)Cl)O)OC(C(Cl)(Cl)Cl)O,1,0.9958536624908448,1
BBBP,C1(=CC=CC=C1)OC2=CC=CC=C2C(=O)[O-],1,0.6539151668548584,1
BBBP,C2=C(C1=CC=CC=C1)N=C4C(=C2CCC3CCNCC3)C=CC=C4,1,0.7895095348358154,1
BBBP,C2=C(N1CCN(C)CC1)N=NC3=C2N(C4=C(O3)C=CC=C4)C,1,0.6353678703308105,1
BBBP,C1=CC=CC(=C1N2C(=NC3=C(C2=O)C=CC=C3)\C=C\C4=NC=CC=C4)C,1,0.5493792295455933,1
BBBP,[N]14C3=C(C2=C1C=CC(=C2)C)CCCC3NCC4.[H+].[Cl-],1,0.8682258725166321,1
BBBP,C(C(OC4CC3=CCC2C1C(C(CC1)C(C)=O)(CCC2C3(CC4)C)C)=O)CC(O)=O,1,0.6434500217437744,1
BBBP,C1=CC=CC2=C1N(C(C3=C(N2)N=CC=C3)=O)CC(N(C)C)C,1,0.6760293841362,1
BBBP,C2=C(C1=CC=NC=C1)OC3=C2C=CC=C3,1,0.4464990496635437,0
BBBP,C1=C(C(=C(C(=N1)C)O)CO)CSSCC2=CN=C(C(=C2CO)O)C,1,0.0679733827710151,0
BBBP,C1=CC(=CC3=C1N(C2=NC(=O)CO2)CCN=C3C4=CC=CC=C4Cl)Cl,1,0.7666841745376587,1
BBBP,CC4CN(CCCn2c1ccccc1c3ccccc23)CC(C)N4,1,0.7758302092552185,1
BBBP,C1=CC=CC=C1C2=NCC(NC3=C2[N](N=C3C)CC)=O,1,0.7719180583953857,1
BBBP,C3=C(C2C(NC(=O)C1NC(CC1)=O)C2)C=CC=C3,1,0.5503556728363037,1
BBBP,C1=C(C(=CC=C1C2CNC(C2)=O)OC)OC3CCCC3,1,0.7024479508399963,1
BBBP,[C@@H]25C(=C[C@@H](CN1CC(NC(C1)=O)=O)CN2C)C3=CC=CC4=C3C(=C[NH]4)C5,1,0.714891254901886,1
BBBP,N#Cc5ccc4Oc1ccccc1C2=C(CCN(CC2)CC3CCCC3)c4c5,1,0.7519623637199402,1
BBBP,C1=CC=CC2=C1C4(C3=C(OC2)C=CC=C3)OC(CN(C)C)CO4,1,0.7288330793380737,1
BBBP,C(C1=NC2=C([N]1C)C(N(C)C(N2C)=O)=O)CCN3CCN(C(N(CC)CC)=O)CC3,1,0.7256162166595459,1
BBBP,C1=CC=CC3=C1C(C2=CC=CC=C2)(SC3(C)C)CCCNC,1,0.8802698254585266,1
BBBP,C1=CC=CC2=C1C3=C([N]2CC)C(SCC3)(CCN(C)C)C,1,0.8007604479789734,1
BBBP,C2=C(C1=NOC(=N1)C)N=C3[N]2C4=C(C(=N3)OC)CCCC4,1,0.5029850602149963,1
BBBP,C(C2(C1CCCC=C1)C(NC(=S)NC2=O)=O)C=C,1,0.8411648273468018,1
BBBP,C2=C(N1C(SCC1)=N)C(=CC(=C2)Cl)N,1,0.3351734280586242,0
BBBP,C2=C1C(=NSC1=CC=C2)N5CCN(CCCCN3C(CC4(CC3=O)CCCC4)=O)CC5,1,0.7758300304412842,1
BBBP,O=[P](O)(OCC(Cl)(Cl)Cl)O,1,0.9985285997390748,1
BBBP,C3=C2N(CC1=CC=CC=C1)C(=O)\C(NNC2=CC=C3)=C(\N)N=O,1,0.4175576865673065,0
BBBP,C(C(C=C)N)CC(O)=O,1,0.3220187425613403,0
BBBP,C1=C(Cl)C=CC2=C1C(=NO2)C([N]3C=CN=C3)C,1,0.611533522605896,1
BBBP,C2=C(OCC1=NN=C(S1)C(C)C)C=CC3=C2OC(=O)C(=C3C)C,1,0.7689720392227173,1
BBBP,C3=C(C(N2CCN(CC1=CC=CC=C1)CC2)=O)OC4=C3C=CC=C4,1,0.5609565377235413,1
BBBP,C2=C(C1CCNCC1)OC3=C2C=C(OC)C=C3Br,1,0.7090235352516174,1
BBBP,C1=CC=CC=C1C3(C2=CC=CC=C2)CCN(C(C)(C)C)CC3,1,0.8384401798248291,1
BBBP,C1=NC(=NC=C1)N4CCN(CCCCN2C(CC3(CC2=O)CCCC3)=O)CC4,1,0.7255202531814575,1
BBBP,C1=C(C(=CC(=C1[N+](=O)[O-])N)OCC)C(NC3CCN(CC2CCC=CC2)CC3)=O,1,0.7309752106666565,1
BBBP,C1=C(Cl)C=NC2=C1SC4=C(N2CCCN3CCN(CCO)CC3)C=CC=C4,1,0.8604180812835693,1
BBBP,C(C(N(C(\C=C\C)=O)CCC)C(N(C)C)=O)C,1,0.893150806427002,1
BBBP,C2=C(C1C(CCC1)N)C=CC=C2,1,0.6866504549980164,1
BBBP,C1=CC=C3C(=C1OCC2CNCCO2)N(CCC3)C,1,0.7715803384780884,1
BBBP,O(C(C(F)(F)F)F)C(F)F,1,0.9042695760726928,1
BBBP,Clc1ccc(cc1)C(OCCN2CCOCC2)c3ccccc3,1,0.8512396812438965,1
BBBP,C1=CC(=CC=C1C(NCCCN2CCOCC2)=O)Cl,1,0.9000981450080872,1
BBBP,C1=C(C(=N[N]1CCCN(C)C)C2=CC=CC=C2)C3=CC=CC=C3,1,0.8279343247413635,1
BBBP,[C@]234C1=C(C=CC(=C1O[C@H]2C[C@@H](O)C=C3)OC)CN(CC4)C,1,0.5987159609794617,1
BBBP,C(C2(C1=CCCCCC1)C(NC(=O)NC2=O)=O)C,1,0.854442298412323,1
BBBP,C1=CC(=CC=C1C(N2CCN(C)CCC2)C3=CC=CC=C3)Cl,1,0.9058340191841124,1
BBBP,[C@@]4(O)(C3(C(C2C(C1(C(=CC(=O)CC1)C=C2)C)C(O)C3)CC4=C)C)C(=O)CO,1,0.3599404692649841,0
BBBP,[C@]235[C@H]([C@H](N(CC1CC1)CC2)CC4=C3C(=CC=C4)O)CCC(C5)=O,1,0.6796892285346985,1
BBBP,C3=C(N2CCN(C\C=C\C1=CC=CC=C1)CC2)N=NC(=C3)Cl,1,0.7822014689445496,1
BBBP,C1=CC(=CC(=C1\C(=C\[N]2C=NC=N2)Cl)Cl)Cl,1,0.6762121915817261,1
BBBP,C1=CC(=CC(=C1OC)OC)CCN2CCN(CC2)C3=CC(=CC=C3)Cl,1,0.7974328994750977,1
BBBP,C1=CC=CC=C1/C=C/C2C(NC(O2)(C)C)=O,1,0.3435307741165161,0
BBBP,C1=C4C(=C2C(=C1)C=CC=C2)CC3CN(C)CC(C3(O4)O)C,1,0.5228415727615356,1
BBBP,[C@]235[C@]([C@H](N(CC1CC1)CC2)CC4=C3C=C(O)C=C4)(CCCC5)O,1,0.6871393322944641,1
BBBP,C1=CC=CC3=C1N(C2=C(C=CC=C2)[S]3(=O)=O)CC(CN(C)C)C,1,0.6937282681465149,1
BBBP,C1=CC=CC3=C1C(C2=C(C=CC=C2)S3)=C4CCN(C)CC4,1,0.908056914806366,1
BBBP,C1=C(C=CC=C1)C(C2=CC=CC=C2)(C3NCCCC3)O,1,0.7920602560043335,1
BBBP,C1=CC=CC4=C1N(C2C3CCN(C2)CC3)C5=C(CC4)C=CC=C5,1,0.80694979429245,1
BBBP,C3=C(N2C1=C([NH]N=C1N(C(=O)CC2=O)C)C)C=CC=C3,1,0.6039928793907166,1
BBBP,[H+].C1=C(OC(F)(F)F)C=CC2=C1SC(=N2)N.[Cl-],1,0.9608575105667114,1
BBBP,COC(C(F)Br)(F)F,1,0.947038471698761,1
BBBP,C1=C(C(=C(C=C1C(\C=C\N2CC=CC2)=O)OC)OC)OC,1,0.7302597761154175,1
BBBP,O=C1N2C(CC1)CCC2=O,1,0.2372814714908599,0
BBBP,C1=C(C(N)=O)N=N[N]1CC2=C(C=CC=C2F)F,1,0.3290600478649139,0
BBBP,C1=CC=CC2=C1N=C(S2)N(C4CCN(CC(COC3=CC=C(C=C3)F)O)CC4)C,1,0.6491687297821045,1
BBBP,[C@H]2(C1=CC(=C(OC)C=C1CCN(C2)C)OC)C3=CC=CC=C3,1,0.8374481797218323,1
ClinTox,[N+](=O)([O-])[O-],1,0.9386208057403564,1
ClinTox,[O-]S(=O)(=S)[O-],1,0.9589561820030212,1
ClinTox,C#CCC(Cc1cnc2c(n1)c(nc(n2)N)N)c3ccc(cc3)C(=O)N[C@@H](CCC(=O)[O-])C(=O)[O-],1,0.2921910285949707,0
ClinTox,C(C(C(=O)[O-])S)(C(=O)[O-])S,1,0.756639838218689,1
ClinTox,C(C(CO)(CO)[NH3+])O,1,0.9842510223388672,1
ClinTox,C(C(F)(F)F)(Cl)Br,1,0.990393340587616,1
ClinTox,C(C(F)(F)F)(OC(F)F)F,1,0.7332150936126709,1
ClinTox,C(=C(F)F)(F)F,1,0.7810729742050171,1
ClinTox,C(C[NH3+])C(O)(P(=O)([O-])[O-])P(=O)([O-])[O-],1,0.9616774916648865,1
ClinTox,C(CC(O)(P(=O)([O-])[O-])P(=O)([O-])[O-])C[NH3+],1,0.9697995185852051,1
ClinTox,C(CC(=O)N[C@@H](CSSC[C@@H](C(=O)NCC(=O)[O-])NC(=O)CC[C@@H](C(=O)[O-])[NH3+])C(=O)NCC(=O)[O-])[C@@H](C(=O)[O-])[NH3+],1,0.745118260383606,1
ClinTox,C(CS(=O)(=O)[O-])S,1,0.8595109581947327,1
ClinTox,C(=O)([O-])[O-],1,0.8659661412239075,1
ClinTox,C(OC(C(F)(F)F)C(F)(F)F)F,1,0.6959676146507263,1
ClinTox,C1[C@@H]2N(C1=O)[C@H](/C(=C/CO)/O2)C(=O)[O-],1,0.35538023710250854,0
ClinTox,c1c(c(c(c(c1I)NC(=O)CCCCC(=O)Nc2c(cc(c(c2I)C(=O)[O-])I)I)I)C(=O)[O-])I,1,0.990597665309906,1
ClinTox,c1c(c(c(c(c1I)NC(=O)CCOCCOCCOCCOCCC(=O)Nc2c(cc(c(c2I)C(=O)[O-])I)I)I)C(=O)[O-])I,1,0.963590145111084,1
ClinTox,c1c2c([nH]n1)ncnc2O,1,0.1731613725423813,0
ClinTox,c1c2=N/C(=C/3\C=CON3)/N=c2c4c(n1)CCOC4,1,0.18886792659759521,0
ClinTox,c1cc(c(c(c1)Cl)Cl)c2c(nc(nn2)N)N,1,0.34528061747550964,0
ClinTox,c1cc(c(c2c1nccn2)Br)NC3=[NH+]CCN3,1,0.6365208029747009,1
ClinTox,c1cc(c(c2c1nsn2)NC3=[NH+]CCN3)Cl,1,0.6204201579093933,1
ClinTox,c1cc(ccc1[C@@H]2CC[NH2+]C[C@H]2COc3ccc4c(c3)OCO4)F,1,0.6881661415100098,1
ClinTox,c1cc2c(cc(nc2c(c1)C(F)(F)F)C(F)(F)F)C(C3CCCC[NH2+]3)O,1,0.8287972211837769,1
ClinTox,c1cc2c(cc1Cl)[C@@](OC(=O)N2)(C#CC3CC3)C(F)(F)F,1,0.42271536588668823,0
ClinTox,c1cc2c3c(c1)C(=O)N(C[C@H]3CCC2)[C@@H]4C[NH+]5CCC4CC5,1,0.8832997679710388,1
ClinTox,c1ccc(cc1)[C@H]2c3ccccc3CCN2C(=O)O[C@H]4C[NH+]5CCC4CC5,1,0.7664839029312134,1
ClinTox,c1ccc(cc1)[C@H]2CN3CCSC3=[NH+]2,1,0.49096962809562683,0
ClinTox,c1ccc(cc1)C(c2ccccc2)([C@@H]3CC[NH+](C3)CCc4ccc5c(c4)CCO5)C(=O)N,1,0.6637046933174133,1
ClinTox,c1ccc(cc1)C(CC[NH+]2CCCCC2)(C3CCCC3)O,1,0.975951075553894,1
ClinTox,c1ccc(cc1)CC2Nc3cc(c(cc3S(=O)(=O)N2)S(=O)(=O)N)C(F)(F)F,1,0.37178683280944824,0
ClinTox,C1=CC=C(C=C1)NS(=O)(=O)C2=CC=CC(=C2)/C=C/C(=O)NO,0,0.31410232186317444,0
ClinTox,c1ccc2c(c1)C(=[NH+]c3ccccc3S2)N4CC[NH+](CC4)CCOCCO,1,0.7918310761451721,1
ClinTox,c1cnc2cc3c(cc2n1)[C@@H]4C[C@H]3C[NH2+]C4,1,0.7375410795211792,1
ClinTox,c1nc2c(n1[C@H]3C[C@@H]([C@H](O3)CO)O)NC=[NH+]C[C@H]2O,1,0.5050784945487976,1
ClinTox,C[C@@]1([C@@H](N2[C@H](S1(=O)=O)CC2=O)C(=O)[O-])Cn3ccnn3,1,0.3186150789260864,0
ClinTox,C[C@@]1(C(=O)N2[C@H](C(=O)N3CCC[C@H]3[C@@]2(O1)O)Cc4ccccc4)NC(=O)[C@H]5C[NH+]([C@@H]6Cc7c[nH]c8c7c(ccc8)C6=C5)C,1,0.4623817801475525,0
ClinTox,C[C@@H](C1=CCC23C1(C[C@H](C45C2=CC[C@H]6[C@@]4(CC[C@@](C6)(O5)O)C)O)C[NH+](CCO3)C)OC(=O)c7ccccc7,1,0.650524914264679,1
ClinTox,C[C@@H]1[C@@H]2[C@H](C(=O)N2C(=C1S[C@H]3C[C@H]([NH2+]C3)C(=O)Nc4cccc(c4)C(=O)[O-])C(=O)[O-])[C@@H](C)O,1,0.6763836145401001,1
ClinTox,C[C@@H]1C/C=C/C=C/C=C/C=C/[C@@H](C[C@H]2[C@@H]([C@H](C[C@](O2)(C[C@H](C[C@@H]3[C@H](O3)/C=C/C(=O)O1)O)O)O)C(=O)[O-])OC4[C@H]([C@H]([C@@H]([C@H](O4)C)O)[NH3+])O,1,0.5283156037330627,1
ClinTox,C[C@@H]1CC(=O)C=C([C@]12C(=O)c3c(cc(c(c3O2)Cl)OC)OC)OC,1,0.3250151574611664,0
ClinTox,C[C@]12CC[C@H]3[C@H]([C@@H]1CC[C@@H]2C(=O)NC(C)(C)C)CC[C@@H]4[C@@]3(C=CC(=O)N4)C,1,0.7337477207183838,1
ClinTox,C[C@]12CC[C@H]3[C@H]([C@@H]1CC[C@]2(C#C)O)CCC4=Cc5c(cno5)C[C@]34C,1,0.4845123291015625,0
ClinTox,C[C@]12CCC(=O)C=C1[C@@H]3C[C@@H]3[C@@H]4[C@@H]2CC[C@]5([C@H]4[C@@H]6C[C@@H]6[C@@]57CCC(=O)O7)C,1,0.4978577196598053,0
ClinTox,C[C@]12CCC(=O)C=C1CC[C@@H]3[C@@H]2[C@H](C[C@]4([C@H]3CC[C@@]4(C(=O)COC(=O)CCC5CCCC5)O)C)O,1,0.6684871315956116,1
ClinTox,C[C@]12CCC3=C4CCC(=O)C=C4CC[C@H]3[C@@H]1CC[C@]2(CC#N)O,1,0.46702146530151367,0
ClinTox,C[C@H]([C@@H](C(=O)NCC(=O)N[C@@H](Cc1c[nH]c2c1cccc2)C(=O)N[C@@H](CCSC)C(=O)N[C@@H](CC(=O)[O-])C(=O)N[C@@H](Cc3ccccc3)C(=O)N)NC(=O)[C@H](Cc4ccc(cc4)OS(=O)(=O)[O-])NC(=O)[C@H](CC(=O)[O-])NC(=O)[C@H](CCC(=O)N)NC(=O)[C@@H]5CCC(=O)N5)O,1,0.40483927726745605,0
ClinTox,C[C@H](Cc1cc2c(c(c1)C(=O)N)N(CC2)CCCO)[NH2+]CCOc3ccccc3OCC(F)(F)F,1,0.7028046250343323,1
ClinTox,C[C@H]1CCC=C([C@]12CC[C@H](C2)C(=C)C)C,1,0.7408685088157654,1
ClinTox,C[N+](C)(C)CCCCCC[NH2+]CC=C,1,0.99991774559021,1
ClinTox,C[N+](C)(C)CCOC(=O)CCC(=O)OCC[N+](C)(C)C,1,0.9974008798599243,1
ClinTox,C[N+]1([C@@H]2CC(C[C@H]1[C@H]3[C@@H]2O3)OC(=O)C(c4cccs4)(c5cccs5)O)C,1,0.8007152080535889,1
ClinTox,C[N+]1(CCC(C1)OC(=O)C(c2ccccc2)(C3CCCC3)O)C,1,0.9392337203025818,1
ClinTox,C[NH+](C)CC/C=C\1/c2ccccc2COc3c1cc(cc3)CC(=O)[O-],1,0.7687845230102539,1
ClinTox,C[NH+](C)CC/C=C\1/c2ccccc2Sc3c1cc(cc3)Cl,1,0.8789657950401306,1
ClinTox,C[NH+](C)CCc1c[nH]c2c1cc(cc2)Cn3cncn3,1,0.8024792671203613,1
ClinTox,C[NH+](C)CCOC(=O)C(c1ccccc1)C2(CCCC2)O,1,0.9267473220825195,1
ClinTox,C[NH+]1[C@@H]2CC[C@@H]1CC(C2)OC(c3ccccc3)c4ccccc4,1,0.8344207406044006,1
ClinTox,C[NH+]1CCC(C1)CN2c3ccccc3Sc4c2cccc4,1,0.8684412240982056,1
ClinTox,C[NH+]1CCc2cccc-3c2[C@H]1Cc4c3c(c(cc4)O)O,1,0.6969871520996094,1
ClinTox,C[NH2+]CCCC1c2ccccc2C=Cc3c1cccc3,1,0.7981416583061218,1
ClinTox,CC(C(=O)[O-])O,1,0.7431807518005371,1
ClinTox,CC(C)([C@H](C(=O)[O-])[NH3+])S,1,0.9694736003875732,1
ClinTox,CC(C)(C#N)C1=CC=C(C=C1)N2C3=C4C=C(C=CC4=NC=C3N(C2=O)C)C5=CC6=CC=CC=C6N=C5,0,0.1912214159965515,0
ClinTox,CC(C)(C)c1cc(cc(c1O)C(C)(C)C)SC(C)(C)Sc2cc(c(c(c2)C(C)(C)C)O)C(C)(C)C,1,0.8068735003471375,1
ClinTox,CC(C)(C)c1ccc(cc1)C(=O)CC(=O)c2ccc(cc2)OC,1,0.40414872765541077,0
ClinTox,CC(C)(C)c1ccc(cc1)S(=O)(=O)[N-]c2c(c(nc(n2)c3ncccn3)OCCO)Oc4ccccc4OC,1,0.36048075556755066,0
ClinTox,CC(C)C[C@@H](C(=O)N[C@@H](CCC[NH+]=C(N)N)C(=O)N1CCC[C@H]1C(=O)NCC(=O)N)NC(=O)[C@@H](Cc2c[nH]c3c2cccc3)NC(=O)[C@H](Cc4ccc(cc4)O)NC(=O)[C@H](CO)NC(=O)[C@H](Cc5c[nH]c6c5cccc6)NC(=O)[C@H](Cc7cnc[nH]7)NC(=O)[C@@H]8CCC(=O)N8,1,0.426756888628006,0
ClinTox,CC(C)CC(C1(CCC1)c2ccc(cc2)Cl)[NH+](C)C,1,0.9722982048988342,1
ClinTox,CC(C)CC1C[NH+]2CCc3cc(c(cc3C2CC1=O)OC)OC,1,0.851077139377594,1
ClinTox,CC(C)n1c2ccccc2c(c1/C=C/[C@@H](C[C@@H](CC(=O)[O-])O)O)c3ccc(cc3)F,1,0.3713105618953705,0
ClinTox,CC(C)Nc1cccnc1N2CCN(CC2)C(=O)c3cc4cc(ccc4[nH]3)NS(=O)(=O)C,1,0.32018908858299255,0
ClinTox,CC(c1ccc(cc1)C(=O)c2cccs2)C(=O)[O-],1,0.38280192017555237,0
ClinTox,CC(C[N+](C)(C)C)OC(=O)C,1,0.9973249435424805,1
ClinTox,CC(C[NH2+]C1CCCCC1)OC(=O)c2ccccc2,1,0.9545168280601501,1
ClinTox,CC(Cc1ccc2c(c1)OCO2)[NH2+]CC(c3ccc(c(c3)O)O)O,1,0.7214117646217346,1
ClinTox,CC(Cc1ccccc1)[NH+](C)Cc2ccccc2,1,0.8829675912857056,1
ClinTox,CC(O)(P(=O)([O-])[O-])P(=O)([O-])[O-],1,0.8203514814376831,1
ClinTox,CC(=O)N(CC(CN(c1c(c(c(c(c1I)C(=O)NCC(CO)O)I)C(=O)NCC(CO)O)I)C(=O)C)O)c2c(c(c(c(c2I)C(=O)NCC(CO)O)I)C(=O)NCC(CO)O)I,1,0.9025811553001404,1
ClinTox,CC(=O)Nc1c(c(c(c(c1I)N(C)C(=O)C)I)C(=O)N[C@@H]2[C@H]([C@@H]([C@H](OC2O)CO)O)O)I,1,0.8892620205879211,1
ClinTox,CC(=O)Nc1nnc(s1)S(=O)(=O)N,1,0.6122526526451111,1
ClinTox,CC(=O)NCCCS(=O)(=O)[O-],1,0.7188999056816101,1
ClinTox,CC(=O)NO,1,0.6338287591934204,1
ClinTox,CC(=O)O[C@H]1C[C@@H]2CC[C@@H]3[C@@H]([C@]2(C[C@@H]1N4CC[N+](CC4)(C)C)C)CC[C@]5([C@H]3C[C@@H]([C@@H]5OC(=O)C)N6CC[N+](CC6)(C)C)C,1,0.9533532857894897,1
ClinTox,CC(=O)OCC(=O)[C@]1(CC[C@@H]2[C@@]1(CC(=O)[C@H]3[C@H]2CCC4=CC(=O)CC[C@]34C)C)O,1,0.49925461411476135,0
ClinTox,CC(=O)OCC[N+](C)(C)C,1,0.9980635046958923,1
ClinTox,CC1([C@@H](N2[C@H](S1(=O)=O)CC2=O)C(=O)[O-])C,1,0.4667530059814453,0
ClinTox,CC1([C@@H](N2[C@H](S1)[C@@H](C2=O)/[NH+]=C/N3CCCCCC3)C(=O)[O-])C,1,0.788532555103302,1
ClinTox,CC1([C@@H](N2[C@H](S1)[C@@H](C2=O)NC(=O)C3(CCCCC3)[NH3+])C(=O)[O-])C,1,0.8443484902381897,1
ClinTox,CC1([C@@H](N2[C@H](S1)[C@@H](C2=O)NC(=O)COc3ccccc3)C(=O)[O-])C,1,0.4231478273868561,0
ClinTox,CC1(C(=O)N(C(=O)N1)c2ccc(c(c2)C(F)(F)F)[N+](=O)[O-])C,1,0.4824891686439514,0
ClinTox,CC1(C[C@@H]1C(=O)N/C(=C\CCCCSC[C@@H](C(=O)[O-])[NH3+])/C(=O)[O-])C,1,0.869330108165741,1
ClinTox,CC1=C(C(=O)C2=C(C1=O)[NH+]3C[C@H]4[C@@H]([C@@]3([C@@H]2COC(=O)N)OC)N4)[NH3+],1,0.6302430629730225,1
ClinTox,CC1=C(C(=O)C[C@@H]1OC(=O)[C@@H]2[C@H](C2(C)C)C=C(C)C)C/C=C/C=C,1,0.5372007489204407,1
ClinTox,Cc1c(c2c3c4c1O[C@@](C4=O)(O/C=C/[C@@H]([C@H]([C@H]([C@@H]([C@@H]([C@@H]([C@H]([C@H](/C=C/C=C(\C(=O)Nc(c2O)c(c3O)/C=N/N5CC[NH+](CC5)C)/C)C)O)C)O)C)OC(=O)C)C)OC)C)O,1,0.6046850085258484,1
ClinTox,Cc1c(ccc(c1)c2cc(c(cc2)N/N=C\3/C(=O)c4c(cc(cc4C=C3S(=O)(=O)[O-])S(=O)(=O)[O-])N)C)N/N=C\5/C(=O)c6c(cc(cc6C=C5S(=O)(=O)[O-])S(=O)(=O)[O-])N,1,0.37270694971084595,0
ClinTox,Cc1c(cccc1O)C(=O)N[C@@H](CSc2ccccc2)[C@@H](C[NH+]3C[C@H]4CCCC[C@H]4C[C@H]3C(=O)NC(C)(C)C)O,1,0.8232244849205017,1
ClinTox,Cc1c(noc1N(C(=O)C)S(=O)(=O)c2ccc(cc2)N)C,1,0.33264797925949097,0
ClinTox,CC1C(OCC[NH2+]1)c2ccccc2,1,0.9265598654747009,1
ClinTox,Cc1c2c(c(c(c1OC)C/C=C(\C)/CCC(=O)OCC[NH+]3CCOCC3)[O-])C(=O)OC2,1,0.7303628325462341,1
ClinTox,Cc1cc(c(cn1)C(=O)N[C@H](c2ccc(cc2)O)C(=O)N[C@H]3[C@@H]4N(C3=O)C(=C(CS4)CSc5nnnn5C)C(=O)[O-])O,1,0.3409569561481476,0
ClinTox,Cc1cc(c(n1c2ccccc2)C)/C=C/c3ccc4cc(ccc4[n+]3C)N(C)C,1,0.31523945927619934,0
ClinTox,Cc1cc(no1)C(=O)NNCc2ccccc2,1,0.25774624943733215,0
ClinTox,Cc1cc2c(cc1C)N3C=N2[Co+]456(N7=C8[C@H](C(C7=CC9=N4C(=C(C1=N5[C@@]([C@@H]2N6C(=C8C)[C@@]([C@H]2CC(=O)N)(CCC(=O)NC[C@H](OP(=O)(O[C@@H]2[C@H](O[C@H]3[C@@H]2O)CO)[O-])C)C)([C@@]([C@@H]1CCC(=O)N)(C)CC(=O)N)C)C)[C@@]([C@@H]9CCC(=O)N)(C)CC(=O)N)(C)C)CCC(=O)N)O,1,0.4353608191013336,0
ClinTox,Cc1cc2c(cc1C)N3C=N2[Co]456(N7=C8[C@H](C(C7=CC9=N4C(=C(C1=N5[C@@]([C@@H]2N6C(=C8C)[C@@]([C@H]2CC(=O)N)(CCC(=O)NC[C@H](OP(=O)(O[C@@H]2[C@H](O[C@H]3[C@@H]2O)CO)O)C)C)([C@@]([C@@H]1CCC(=O)N)(C)CC(=O)N)C)C)[C@@]([C@@H]9CCC(=O)N)(C)CC(=O)N)(C)C)CCC(=O)N)C#N,1,0.41947922110557556,0
ClinTox,CC1Cc2ccccc2N1NC(=O)c3ccc(c(c3)S(=O)(=O)N)Cl,1,0.3490525484085083,0
ClinTox,Cc1ccc(cc1)C(=O)c2ccc(n2C)CC(=O)[O-],1,0.28486672043800354,0
ClinTox,Cc1ccc(cc1)c2c(n3cc(ccc3n2)C)CC(=O)N(C)C,1,0.2604641020298004,0
ClinTox,Cc1ccc(cc1Nc2nccc(n2)c3cccnc3)NC(=O)c4ccc(cc4)CN5CC[NH+](CC5)C,1,0.5481634140014648,1
ClinTox,Cc1cccc(c1OCC(=O)N[C@@H](Cc2ccccc2)[C@H](C[C@H](Cc3ccccc3)NC(=O)[C@H](C(C)C)N4CCCNC4=O)O)C,1,0.40146568417549133,0
ClinTox,Cc1nccn1CC2CCc3c(c4ccccc4n3C)C2=O,1,0.2120327353477478,0
ClinTox,Cc1nnc(s1)[N-]S(=O)(=O)c2ccc(cc2)N,1,0.48123669624328613,0
ClinTox,CC[C@@]1(c2cc-3n(c(=O)c2COC1=O)Cc4c3nc5ccc(c(c5c4)C[NH+](C)C)O)O,1,0.5914652943611145,1
ClinTox,CC[C@H]1C(=O)N(CC(=O)N([C@H](C(=O)N[C@H](C(=O)N([C@H](C(=O)N[C@H](C(=O)N[C@@H](C(=O)N([C@H](C(=O)N([C@H](C(=O)N([C@H](C(=O)N([C@H](C(=O)N1)[C@@H]([C@H](C)C/C=C/C)O)C)C(C)C)C)CC(C)C)C)CC(C)C)C)C)C)CC(C)C)C)C(C)C)CC(C)C)C)C,1,0.737213134765625,1
ClinTox,CCC(/C=C/Cl)(C#C)O,1,0.776639461517334,1
ClinTox,CCC(C)C1C(=O)NC(C(=O)NC(C(=O)NC(C(=O)NC(C(=O)NCCCCC(C(=O)NC(C(=O)N1)CCC[NH3+])NC(=O)C(C(C)CC)NC(=O)C(CCC(=O)[O-])NC(=O)C(CC(C)C)NC(=O)C2CSC(=N2)C(C(C)CC)[NH3+])CC(=O)N)CC(=O)[O-])CC3C=NC=[NH+]3)Cc4ccccc4,1,0.7432140707969666,1
ClinTox,C=CC(CCC(=O)[O-])[NH3+],1,0.9678069353103638,1
ClinTox,CCC(=O)NCC[C@@H]1CCc2c1c3c(cc2)OCC3,1,0.3980967104434967,0
ClinTox,CCC1(C(=O)NCNC1=O)c2ccccc2,1,0.3726256489753723,0
ClinTox,CCc1c([nH]c2c1C(=O)C(CC2)C[NH+]3CCOCC3)C,1,0.888234555721283,1
ClinTox,CCc1ccc(nc1)CCOc2ccc(cc2)CC3C(=O)[N-]C(=O)S3,1,0.41334620118141174,0
ClinTox,CCC1=CN=C(C=C1)CCOC2=CC=C(C=C2)CC3C(=O)NC(=O)S3,0,0.39330607652664185,0
ClinTox,CCC[C@@H](C(=O)C(=O)NC1CC1)NC(=O)[C@@H]2[C@H]3CCC[C@H]3CN2C(=O)[C@H](C(C)(C)C)NC(=O)[C@H](C4CCCCC4)NC(=O)c5cnccn5,1,0.6929769515991211,1
ClinTox,CCC[C@@H](C(=O)OCC)[NH2+][C@@H](C)C(=O)N1[C@H]2CCCC[C@H]2C[C@H]1C(=O)[O-],1,0.9176827669143677,1
ClinTox,CCCC(CCC)C(=O)[O-],1,0.9673488140106201,1
ClinTox,CCCC(CCC)C(=O)O[C@H]1C[C@H]2CC[C@@H](C1)[N+]2(C)C,1,0.9901519417762756,1
ClinTox,CCCc1c2c(cc3c1oc(cc3=O)C(=O)[O-])c(=O)cc(n2CC)C(=O)[O-],1,0.4092715084552765,0
ClinTox,CCCCC[C@H](CC[C@H]1[C@@H]2Cc3cccc(c3C[C@@H]2C[C@@H]1O)OCC(=O)[O-])O,1,0.7214978337287903,1
ClinTox,CCCCCCCCCC(=O)N[C@@H](Cc1c[nH]c2c1cccc2)C(=O)N[C@H](CC(=O)N)C(=O)N[C@@H](CC(=O)[O-])C(=O)N[C@H]3[C@H](OC(=O)[C@@H](NC(=O)[C@@H](NC(=O)[C@H](NC(=O)CNC(=O)[C@@H](NC(=O)[C@H](NC(=O)[C@@H](NC(=O)[C@@H](NC(=O)CNC3=O)CCC[NH3+])CC(=O)[O-])C)CC(=O)[O-])CO)[C@H](C)CC(=O)[O-])CC(=O)c4ccccc4N)C,1,0.5549427270889282,1
ClinTox,CCCCCCCCCCCCCC(=O)OC[C@H](COP(=O)([O-])OCC[N+](C)(C)C)OC(=O)CCCCCCCCCCCCC,1,0.9849233627319336,1
ClinTox,CCCCCCCCCCCCCCOS(=O)(=O)[O-],1,0.9855074882507324,1
ClinTox,CCCCN1C(=O)[C@H](NC(=O)C12CCN(CC2)CC3=CC=C(C=C3)OC4=CC=C(C=C4)C(=O)O)[C@@H](C5CCCCC5)O,0,0.5467281937599182,1
ClinTox,CCCCOc1ccc(cc1)C(=O)CC[NH+]2CCCCC2,1,0.9704570174217224,1
ClinTox,CCNC(=O)CCC/C=C\C[C@H]1[C@H](C[C@H]([C@@H]1/C=C/[C@H](CCc2ccccc2)O)O)O,1,0.5482503175735474,1
ClinTox,CCOC(=O)[C@H](CCc1ccccc1)[NH2+][C@@H](C)C(=O)N2[C@H]3CCC[C@H]3C[C@H]2C(=O)[O-],1,0.7671387791633606,1
ClinTox,CCOC(=O)c1cncn1C(C)c2ccccc2,1,0.3224586546421051,0
ClinTox,CCOc1ccc2ccccc2c1C(=O)N[C@H]3[C@@H]4N(C3=O)[C@H](C(S4)(C)C)C(=O)[O-],1,0.389852374792099,0
ClinTox,CCOCCP(CCOCC)CCP(CCOCC)CCOCC,1,0.7177506685256958,1
ClinTox,CCOP(=O)(OCC)SCC[N+](C)(C)C,1,0.9918023943901062,1
ClinTox,Cl[Zn]Cl,1,0.9997202754020691,1
ClinTox,CN1C(=O)N2C=NC(=C2N=N1)C(=O)N,1,0.2210981547832489,0
ClinTox,Cn1cc[nH]c1=S,1,0.4437335133552551,0
ClinTox,CNC(=O)C[NH+](CCN(CCN(CC(=O)NC)CC(=O)[O-])CC(=O)[O-])CC(=O)[O-],1,0.7892545461654663,1
ClinTox,CO[C@@H]1[C@@H]([C@H]([C@@H]([C@H](O1)COS(=O)(=O)[O-])O[C@H]2[C@@H]([C@H]([C@@H]([C@@H](O2)C(=O)[O-])O[C@@H]3[C@@H]([C@H]([C@@H]([C@H](O3)COS(=O)(=O)[O-])O[C@H]4[C@@H]([C@H]([C@@H]([C@H](O4)C(=O)[O-])O[C@@H]5[C@@H]([C@H]([C@@H]([C@H](O5)COS(=O)(=O)[O-])O)O)NS(=O)(=O)[O-])O)O)OS(=O)(=O)[O-])NS(=O)(=O)[O-])O)OS(=O)(=O)[O-])O)NS(=O)(=O)[O-],1,0.5701015591621399,1
ClinTox,COC(CNC(=O)N)C[Hg]Cl,1,0.9997188448905945,1
ClinTox,COc1c2c(cc(c1N3C[C@@H]4CCC[NH2+][C@@H]4C3)F)c(=O)c(cn2C5CC5)C(=O)[O-],1,0.7018465399742126,1
ClinTox,COc1cc2c(cc1OCCC[NH+]3CCOCC3)c(ncn2)Nc4ccc(c(c4)Cl)F,1,0.6965365409851074,1
ClinTox,O=[Al]O[Al]=O,1,0.9398277997970581,1
