event_month,county,program,total_services,avg_risk_score,avg_social_need,total_prior_utilization,target_next_month_demand,record_count,total_services_lag1,total_services_rolling3,avg_risk_score_lag1,avg_risk_score_rolling3,avg_social_need_lag1,avg_social_need_rolling3,total_prior_utilization_lag1,total_prior_utilization_rolling3
2025-02-01,Los Angeles,Clinic_Access,86,0.23320108577878282,0.476652875560821,52,845.0527947242017,28,99.0,92.5,0.3234111601705677,0.2783061229746753,0.4061042956229661,0.4413785855918936,54.0,53.0
2025-03-01,Los Angeles,Clinic_Access,110,0.2832792678223549,0.4677279173942501,67,1141.1509805190915,36,86.0,98.33333333333333,0.23320108577878282,0.27996383792390184,0.476652875560821,0.4501616961926791,52.0,57.666666666666664
2025-04-01,Los Angeles,Clinic_Access,68,0.2747797775452352,0.476948688550592,37,701.6308908483473,22,110.0,88.0,0.2832792678223549,0.263753377048791,0.4677279173942501,0.4737764938352211,67.0,52.0
2025-05-01,Los Angeles,Clinic_Access,82,0.29513668591074593,0.4139519691055638,58,855.2782436901157,28,68.0,86.66666666666667,0.2747797775452352,0.28439857709277866,0.476948688550592,0.45287619168346865,37.0,54.0
2025-06-01,Los Angeles,Clinic_Access,106,0.2818826265116657,0.4505176642454909,53,979.1829414178184,31,82.0,85.33333333333333,0.29513668591074593,0.2839330299892156,0.4139519691055638,0.4471394406338822,58.0,49.333333333333336
2025-07-01,Los Angeles,Clinic_Access,59,0.31656355639024303,0.46608095058929444,27,549.6068141780136,18,106.0,82.33333333333333,0.2818826265116657,0.2978609562708849,0.4505176642454909,0.4435168613134497,53.0,46.0
2025-08-01,Los Angeles,Clinic_Access,66,0.26465881181967144,0.5272635148645979,46,675.6327997661532,20,59.0,77.0,0.31656355639024303,0.28770166490719334,0.46608095058929444,0.4812873765664611,27.0,42.0
2025-09-01,Los Angeles,Clinic_Access,71,0.3024741558283707,0.4667037046734096,43,722.6924776190156,23,66.0,65.33333333333333,0.26465881181967144,0.29456550801276177,0.5272635148645979,0.48668272337576735,46.0,38.666666666666664
2025-10-01,Los Angeles,Clinic_Access,86,0.31642560800727254,0.44333170084004664,51,889.5749351596762,30,71.0,74.33333333333333,0.3024741558283707,0.2945195252184382,0.4667037046734096,0.4790996401260181,43.0,46.666666666666664
2025-11-01,Los Angeles,Clinic_Access,70,0.3474701035855611,0.5445756877313069,48,721.7602534023035,21,86.0,75.66666666666667,0.31642560800727254,0.3221232891404015,0.44333170084004664,0.48487036441492104,51.0,47.333333333333336
2025-12-01,Los Angeles,Clinic_Access,113,0.3344902010112146,0.45167210454450146,69,1099.501186697993,33,70.0,89.66666666666667,0.3474701035855611,0.3327953042013494,0.5445756877313069,0.47985983103861835,48.0,56.0
2026-01-01,Los Angeles,Clinic_Access,88,0.27365652241864596,0.44067651440934036,40,910.9507020624965,32,113.0,90.33333333333333,0.3344902010112146,0.3185389423384739,0.45167210454450146,0.4789747688950496,69.0,52.333333333333336
2026-02-01,Los Angeles,Clinic_Access,86,0.3282289193511833,0.39125446883606546,57,864.7448266764425,28,88.0,95.66666666666667,0.27365652241864596,0.31212521426034795,0.44067651440934036,0.42786769592996904,40.0,55.333333333333336
2026-03-01,Los Angeles,Clinic_Access,97,0.3217855407252593,0.42271760735542013,45,928.8490332726444,30,86.0,90.33333333333333,0.3282289193511833,0.30789032749836287,0.39125446883606546,0.41821619686694195,57.0,47.333333333333336
2026-04-01,Los Angeles,Clinic_Access,67,0.3615773125015835,0.46420503286642956,48,784.0198088782831,24,97.0,83.33333333333333,0.3217855407252593,0.3371972575260087,0.42271760735542013,0.42605903635263837,45.0,50.0
2026-05-01,Los Angeles,Clinic_Access,83,0.3280010410987302,0.4637911706718778,51,831.5570327533813,26,67.0,82.33333333333333,0.3615773125015835,0.3371212981085243,0.46420503286642956,0.45023793696457576,48.0,48.0
2026-06-01,Los Angeles,Clinic_Access,70,0.27354182568735586,0.43782367805847733,55,737.0480229417379,23,83.0,73.33333333333333,0.3280010410987302,0.3210400597625565,0.4637911706718778,0.45527329386559484,51.0,51.333333333333336
2025-02-01,Los Angeles,Enrollment_Support,65,0.2833908131342629,0.4470318201506765,36,671.9127250340463,23,81.0,73.0,0.25753561076184045,0.2704632119480517,0.4599132700072538,0.4534725450789652,35.0,35.5
2025-03-01,Los Angeles,Enrollment_Support,109,0.35765298261025585,0.42465169694129434,73,1055.684279123625,33,65.0,85.0,0.2833908131342629,0.2995264688354531,0.4470318201506765,0.44386559569974154,36.0,48.0
2025-04-01,Los Angeles,Enrollment_Support,99,0.30940871248426216,0.4786885601100447,59,1051.7969728755047,33,109.0,91.0,0.35765298261025585,0.31681750274292697,0.42465169694129434,0.4501240257340052,73.0,56.0
2025-05-01,Los Angeles,Enrollment_Support,102,0.34191755900130416,0.4551152737654742,57,961.2755539257324,30,99.0,103.33333333333333,0.30940871248426216,0.33632641803194074,0.4786885601100447,0.4528185102722711,59.0,63.0
2025-06-01,Los Angeles,Enrollment_Support,99,0.32548014956829363,0.4625997759898775,59,1041.2454635663646,34,102.0,100.0,0.34191755900130416,0.3256021403512866,0.4551152737654742,0.4654678699551322,57.0,58.333333333333336
2025-07-01,Los Angeles,Enrollment_Support,89,0.3378373890938697,0.4361366964135452,57,973.471808407103,31,99.0,96.66666666666667,0.32548014956829363,0.33507836588782247,0.4625997759898775,0.45128391538963225,59.0,57.666666666666664
2025-08-01,Los Angeles,Enrollment_Support,102,0.2777095545262367,0.46053787176562233,66,1027.5319616585534,32,89.0,96.66666666666667,0.3378373890938697,0.31367569772946663,0.4361366964135452,0.4530914480563483,57.0,60.666666666666664
2025-09-01,Los Angeles,Enrollment_Support,89,0.3163390295415913,0.48554809158199697,55,956.4173445590473,30,102.0,93.33333333333333,0.2777095545262367,0.3106286577205659,0.46053787176562233,0.4607408865870548,66.0,59.333333333333336
2025-10-01,Los Angeles,Enrollment_Support,110,0.32282631500728265,0.48631905409921533,59,1109.4813270851116,36,89.0,100.33333333333333,0.3163390295415913,0.3056249663583702,0.48554809158199697,0.47746833914894493,55.0,60.0
2025-11-01,Los Angeles,Enrollment_Support,68,0.27591268295569443,0.45819328893113886,49,715.7390990924326,24,110.0,89.0,0.32282631500728265,0.3050260091681895,0.48631905409921533,0.47668681153745035,59.0,54.333333333333336
2025-12-01,Los Angeles,Enrollment_Support,78,0.3001564038282293,0.3985673309594851,40,733.4466331517992,24,68.0,85.33333333333333,0.27591268295569443,0.2996318005970688,0.45819328893113886,0.4476932246632798,49.0,49.333333333333336
2026-01-01,Los Angeles,Enrollment_Support,99,0.3735299738980887,0.4714358131616634,50,855.7376047702262,25,78.0,81.66666666666667,0.3001564038282293,0.3165330202273375,0.3985673309594851,0.4427321443507624,40.0,46.333333333333336
2026-02-01,Los Angeles,Enrollment_Support,87,0.3205996171605191,0.47519003364326273,52,895.1439037483851,28,99.0,88.0,0.3735299738980887,0.331428664962279,0.4714358131616634,0.4483977259214704,50.0,47.333333333333336
2026-03-01,Los Angeles,Enrollment_Support,78,0.34942212283701396,0.45387723962136184,50,861.319732809432,29,87.0,88.0,0.3205996171605191,0.34785057129854063,0.47519003364326273,0.466834362142096,52.0,50.666666666666664
2026-04-01,Los Angeles,Enrollment_Support,84,0.33819511137883146,0.46815791148283453,45,789.3290166103228,27,78.0,83.0,0.34942212283701396,0.3360722837921215,0.45387723962136184,0.4657417282491531,50.0,49.0
2026-05-01,Los Angeles,Enrollment_Support,124,0.2882208565876595,0.49087474488588356,72,1172.4512454336107,35,84.0,95.33333333333333,0.33819511137883146,0.3252793636011683,0.46815791148283453,0.4709699653300266,45.0,55.666666666666664
2026-06-01,Los Angeles,Enrollment_Support,91,0.34054996198866355,0.4730305275222413,58,971.1863324769283,30,124.0,99.66666666666667,0.2882208565876595,0.3223219766517182,0.49087474488588356,0.4773543946303198,72.0,58.333333333333336
2025-02-01,Los Angeles,Preventive_Care,79,0.2618739775338215,0.46877369712466993,47,732.6539517764202,25,102.0,90.5,0.32554994657947584,0.2937119620566487,0.45791618348051755,0.46334494030259377,54.0,50.5
2025-03-01,Los Angeles,Preventive_Care,59,0.353254297490424,0.4971550676179198,37,717.1754860429347,24,79.0,80.0,0.2618739775338215,0.3135594072012404,0.46877369712466993,0.47461498274103575,47.0,46.0
2025-04-01,Los Angeles,Preventive_Care,100,0.321530980871085,0.45177109356943457,76,1025.1537112082276,31,59.0,79.33333333333333,0.353254297490424,0.3122197519651102,0.4971550676179198,0.47256661943734146,37.0,53.333333333333336
2025-05-01,Los Angeles,Preventive_Care,71,0.21865835515422544,0.4299261928407824,46,692.487923030786,23,100.0,76.66666666666667,0.321530980871085,0.2978145445052448,0.45177109356943457,0.45961745134271226,76.0,53.0
2025-06-01,Los Angeles,Preventive_Care,100,0.3283909974910936,0.4616978105456256,55,977.3042330685663,31,71.0,90.33333333333333,0.21865835515422544,0.2895267778388014,0.4299261928407824,0.4477983656519475,46.0,59.0
2025-07-01,Los Angeles,Preventive_Care,90,0.32125444012319504,0.4019565659179834,51,922.6872955510676,30,100.0,87.0,0.3283909974910936,0.2894345975895047,0.4616978105456256,0.4311935231014638,55.0,50.666666666666664
2025-08-01,Los Angeles,Preventive_Care,99,0.3067559727866247,0.418779252499669,64,1021.1768664184937,33,90.0,96.33333333333333,0.32125444012319504,0.31880047013363777,0.4019565659179834,0.4274778763210927,51.0,56.666666666666664
2025-09-01,Los Angeles,Preventive_Care,109,0.3180465309383785,0.4390412561209138,67,1063.2532988671824,34,99.0,99.33333333333333,0.3067559727866247,0.3153523146160661,0.418779252499669,0.41992569151285547,64.0,60.666666666666664
2025-10-01,Los Angeles,Preventive_Care,161,0.2893268698473262,0.42972999310286114,81,1407.6278940114819,44,109.0,123.0,0.3180465309383785,0.30470979119077646,0.4390412561209138,0.42918350057448135,67.0,70.66666666666667
2025-11-01,Los Angeles,Preventive_Care,143,0.31650948038856347,0.43596447400922317,75,1173.2016710438986,35,161.0,137.66666666666666,0.2893268698473262,0.3079609603914227,0.42972999310286114,0.4349119077443327,81.0,74.33333333333333
2025-12-01,Los Angeles,Preventive_Care,92,0.2941815274689704,0.37840996928985937,34,667.0352718571307,21,143.0,132.0,0.31650948038856347,0.3000059592349534,0.43596447400922317,0.41470147880064795,75.0,63.333333333333336
2026-01-01,Los Angeles,Preventive_Care,111,0.31890332651356995,0.4815755537099788,50,974.682674926662,28,92.0,115.33333333333333,0.2941815274689704,0.3098647781237013,0.37840996928985937,0.4319833323363538,34.0,53.0
2026-02-01,Los Angeles,Preventive_Care,60,0.32900653144510295,0.4307669800153664,32,612.3769311194878,19,111.0,87.66666666666667,0.31890332651356995,0.31403046180921446,0.4815755537099788,0.4302508343384015,50.0,38.666666666666664
2026-03-01,Los Angeles,Preventive_Care,96,0.305542343879355,0.4849842294670735,51,905.4623087722949,29,60.0,89.0,0.32900653144510295,0.31781740061267594,0.4307669800153664,0.46577558773080624,32.0,44.333333333333336
2026-04-01,Los Angeles,Preventive_Care,64,0.2773786499706118,0.4820026714638551,36,667.5463892745574,22,96.0,73.33333333333333,0.305542343879355,0.3039758417650233,0.4849842294670735,0.4659179603154317,51.0,39.666666666666664
2026-05-01,Los Angeles,Preventive_Care,93,0.3188807990756742,0.49423275924408117,56,957.7124749415566,29,64.0,84.33333333333333,0.2773786499706118,0.30060059764188035,0.4820026714638551,0.4870732200583366,36.0,47.666666666666664
2026-06-01,Los Angeles,Preventive_Care,83,0.3669596501911426,0.45062964192892974,45,856.9943993929317,28,93.0,80.0,0.3188807990756742,0.32107303307914287,0.49423275924408117,0.4756216908789554,56.0,45.666666666666664
2025-02-01,Los Angeles,Telehealth,87,0.3580034673359233,0.3608174007354685,45,797.1141364833966,27,62.0,74.5,0.3618622172665915,0.35993284230125744,0.5027186200087647,0.43176801037211654,29.0,37.0
2025-03-01,Los Angeles,Telehealth,106,0.30107042383513766,0.4731035340276176,52,1028.0511004005248,33,87.0,85.0,0.3580034673359233,0.3403120361458842,0.3608174007354685,0.4455465182572836,45.0,42.0
2025-04-01,Los Angeles,Telehealth,79,0.33797304758968705,0.45352403306190797,30,664.9957884762031,23,106.0,90.66666666666667,0.30107042383513766,0.332348979586916,0.4731035340276176,0.4291483226083314,52.0,42.333333333333336
2025-05-01,Los Angeles,Telehealth,113,0.31143177462482213,0.4474773390410921,77,1160.0986210566982,35,79.0,99.33333333333333,0.33797304758968705,0.31682508201654896,0.45352403306190797,0.4580349687102059,30.0,53.0
2025-06-01,Los Angeles,Telehealth,121,0.25620056862830476,0.45261878828533153,69,1141.306747611517,36,113.0,104.33333333333333,0.31143177462482213,0.3018684636142713,0.4474773390410921,0.4512067201294439,77.0,58.666666666666664
2025-07-01,Los Angeles,Telehealth,104,0.26840219005950966,0.46497458204726605,58,1015.3438377104412,31,121.0,112.66666666666667,0.25620056862830476,0.27867817777087883,0.45261878828533153,0.45502356979122993,69.0,68.0
2025-08-01,Los Angeles,Telehealth,85,0.30082036784794447,0.46212182736795615,37,810.7962176477342,26,104.0,103.33333333333333,0.26840219005950966,0.27514104217858626,0.46497458204726605,0.4599050659001846,58.0,54.666666666666664
2025-09-01,Los Angeles,Telehealth,117,0.3195272961878619,0.4672892028291454,55,1035.2177135557024,32,85.0,102.0,0.30082036784794447,0.29624995136510535,0.46212182736795615,0.46479520408145586,37.0,50.0
2025-10-01,Los Angeles,Telehealth,115,0.29512486163679563,0.4341435699003354,71,1115.6357109315782,35,117.0,105.66666666666667,0.3195272961878619,0.305157508557534,0.4672892028291454,0.454518200032479,55.0,54.333333333333336
2025-11-01,Los Angeles,Telehealth,83,0.3522428203540434,0.44149492086291786,50,805.3536107847025,26,115.0,105.0,0.29512486163679563,0.32229832605956704,0.4341435699003354,0.44764256453079954,71.0,58.666666666666664
2025-12-01,Los Angeles,Telehealth,92,0.29870679521570326,0.45954446776973124,45,852.8001932222353,28,83.0,96.66666666666667,0.3522428203540434,0.31535815906884745,0.44149492086291786,0.44506098617766154,50.0,55.333333333333336
2026-01-01,Los Angeles,Telehealth,92,0.2939605823474672,0.46730057459131763,50,943.2363778661685,31,92.0,89.0,0.29870679521570326,0.3149700659724046,0.45954446776973124,0.4561133210746555,45.0,48.333333333333336
2026-02-01,Los Angeles,Telehealth,111,0.3238707448839185,0.48189802614825095,67,1082.415417560578,33,92.0,98.33333333333333,0.2939605823474672,0.305512707482363,0.46730057459131763,0.46958102283643327,50.0,54.0
2026-03-01,Los Angeles,Telehealth,73,0.3165037042176189,0.4607610353967258,30,675.1658230228347,22,111.0,92.0,0.3238707448839185,0.31144501048300155,0.48189802614825095,0.4699865453787648,67.0,49.0
2026-04-01,Los Angeles,Telehealth,73,0.3147104181303787,0.4150458148439345,33,692.2061964229558,23,73.0,85.66666666666667,0.3165037042176189,0.3183616224106387,0.4607610353967258,0.45256829212963706,30.0,43.333333333333336
2026-05-01,Los Angeles,Telehealth,61,0.3417269855157732,0.46523272101770097,37,642.860653005806,21,73.0,69.0,0.3147104181303787,0.32431370262125697,0.4150458148439345,0.4470131904194538,33.0,33.333333333333336
2026-06-01,Los Angeles,Telehealth,74,0.29922382680099474,0.4640068075318001,50,784.9363620849784,26,61.0,69.33333333333333,0.3417269855157732,0.31855374348238225,0.46523272101770097,0.44809511446447853,37.0,40.0
2025-02-01,Orange,Clinic_Access,77,0.3012849305369239,0.4149010324912674,43,782.1093361447046,25,88.0,82.5,0.25366646215073985,0.27747569634383185,0.40708601739405287,0.41099352494266017,57.0,50.0
2025-03-01,Orange,Clinic_Access,75,0.31003927942736514,0.4822166492383233,46,837.6214558452024,27,77.0,80.0,0.3012849305369239,0.28833022403834296,0.4149010324912674,0.4347345663745479,43.0,48.666666666666664
2025-04-01,Orange,Clinic_Access,80,0.28816261517347425,0.467348197716606,50,845.9091903642194,26,75.0,77.33333333333333,0.31003927942736514,0.2998289417125877,0.4822166492383233,0.4548219598153989,46.0,46.333333333333336
2025-05-01,Orange,Clinic_Access,61,0.35904184790907007,0.45832138848710513,41,592.1545534333912,18,80.0,72.0,0.28816261517347425,0.3190812475033032,0.467348197716606,0.4692954118140114,50.0,45.666666666666664
2025-06-01,Orange,Clinic_Access,108,0.2657837161283932,0.49126868716455097,54,1047.0098957387104,34,61.0,83.0,0.35904184790907007,0.30432939307031254,0.45832138848710513,0.47231275778942067,41.0,48.333333333333336
2025-07-01,Orange,Clinic_Access,84,0.3208443800653663,0.4537533981736296,41,806.6455810346107,26,108.0,84.33333333333333,0.2657837161283932,0.31522331470094317,0.49126868716455097,0.4677811579417619,54.0,45.333333333333336
2025-08-01,Orange,Clinic_Access,121,0.33690584485682773,0.42059141099887937,67,1151.176771461351,36,84.0,104.33333333333333,0.3208443800653663,0.30784464701686237,0.4537533981736296,0.45520449877902,41.0,54.0
2025-09-01,Orange,Clinic_Access,123,0.2880442899687128,0.43488150898313294,69,1199.8191742650836,42,121.0,109.33333333333333,0.33690584485682773,0.31526483829696894,0.42059141099887937,0.4364087727185473,67.0,59.0
2025-10-01,Orange,Clinic_Access,104,0.32051915040227874,0.4069589413380229,47,951.5681212428372,32,123.0,116.0,0.2880442899687128,0.3151564284092731,0.43488150898313294,0.4208106204400117,69.0,61.0
2025-11-01,Orange,Clinic_Access,64,0.28584585462533624,0.47910527108644796,29,590.0650704955805,19,104.0,97.0,0.32051915040227874,0.2981364316654426,0.4069589413380229,0.4403152404692013,47.0,48.333333333333336
2025-12-01,Orange,Clinic_Access,115,0.3505337868636979,0.4595286040773751,57,1122.7900290953671,35,64.0,94.33333333333333,0.28584585462533624,0.318966263963771,0.47910527108644796,0.4485309388339487,29.0,44.333333333333336
2026-01-01,Orange,Clinic_Access,82,0.33471868284919826,0.4350925190957416,52,833.2665463220411,27,115.0,87.0,0.3505337868636979,0.32369944144607743,0.4595286040773751,0.4579087980865216,57.0,46.0
2026-02-01,Orange,Clinic_Access,114,0.35217788414468126,0.4581042013508674,63,1141.1307798310545,36,82.0,103.66666666666667,0.33471868284919826,0.34581011795252586,0.4350925190957416,0.4509084415079947,52.0,57.333333333333336
2026-03-01,Orange,Clinic_Access,92,0.2769632391591623,0.39981551456120423,45,785.7430246515996,27,114.0,96.0,0.35217788414468126,0.32128660205101395,0.4581042013508674,0.43100407833593773,63.0,53.333333333333336
2026-04-01,Orange,Clinic_Access,82,0.3112428449274977,0.4698225334771636,48,812.9661549267643,27,92.0,96.0,0.2769632391591623,0.3134613227437804,0.39981551456120423,0.44258074979641177,45.0,52.0
2026-05-01,Orange,Clinic_Access,90,0.29126359059966106,0.461339769728215,72,1015.5649424304409,32,82.0,88.0,0.3112428449274977,0.2931565582287737,0.4698225334771636,0.4436592725888609,48.0,55.0
2026-06-01,Orange,Clinic_Access,44,0.3391189478297526,0.5144543525966799,15,455.8222844678457,15,90.0,72.0,0.29126359059966106,0.31387512778563714,0.461339769728215,0.48187221860068613,72.0,45.0
2025-02-01,Orange,Enrollment_Support,66,0.32879034591959405,0.4178193288754087,39,667.1918254521345,21,113.0,89.5,0.27403475950544376,0.3014125527125189,0.42198490779981146,0.41990211833761004,63.0,51.0
2025-03-01,Orange,Enrollment_Support,80,0.3030966798205977,0.5012168690202454,43,803.2509375482987,24,66.0,86.33333333333333,0.32879034591959405,0.3019739284152118,0.4178193288754087,0.44700703523182184,39.0,48.333333333333336
2025-04-01,Orange,Enrollment_Support,89,0.2655962588847114,0.40883217861980553,42,790.2922289885774,26,80.0,78.33333333333333,0.3030966798205977,0.2991610948749677,0.5012168690202454,0.4426227921718198,43.0,41.333333333333336
2025-05-01,Orange,Enrollment_Support,117,0.2923629083176427,0.45469008953776985,60,1058.8278971652853,35,89.0,95.33333333333333,0.2655962588847114,0.28701861567431725,0.40883217861980553,0.45491304572594027,42.0,48.333333333333336
2025-06-01,Orange,Enrollment_Support,93,0.3337506970292084,0.4619944879174624,57,879.5845032349544,26,117.0,99.66666666666667,0.2923629083176427,0.2972366214105208,0.45469008953776985,0.4418389186916793,60.0,53.0
2025-07-01,Orange,Enrollment_Support,67,0.32139602834398495,0.44798772717609786,51,756.1685809103798,24,93.0,92.33333333333333,0.3337506970292084,0.31583654456361204,0.4619944879174624,0.45489076821044333,57.0,56.0
2025-08-01,Orange,Enrollment_Support,84,0.30530544369775725,0.4503534088241509,55,851.5540790298379,28,67.0,81.33333333333333,0.32139602834398495,0.32015072302365016,0.44798772717609786,0.4534452079725704,51.0,54.333333333333336
2025-09-01,Orange,Enrollment_Support,71,0.32362173800475763,0.46982233569718074,36,699.9358568888898,23,84.0,74.0,0.30530544369775725,0.3167744033488333,0.4503534088241509,0.4560544905658099,55.0,47.333333333333336
2025-10-01,Orange,Enrollment_Support,130,0.28763353718215595,0.498049768990647,66,1198.0648452676328,37,71.0,95.0,0.32362173800475763,0.3055202396282236,0.46982233569718074,0.47274183783732626,36.0,52.333333333333336
2025-11-01,Orange,Enrollment_Support,106,0.30290104389855244,0.4523151440161285,66,961.3259165509584,29,130.0,102.33333333333333,0.28763353718215595,0.30471877302848865,0.498049768990647,0.4733957495679854,66.0,56.0
2025-12-01,Orange,Enrollment_Support,70,0.3379543118759439,0.4741455802319344,54,764.5701555573095,23,106.0,102.0,0.30290104389855244,0.30949629765221737,0.4523151440161285,0.47483683107957003,66.0,62.0
2026-01-01,Orange,Enrollment_Support,107,0.3239517176064716,0.48176986577769126,51,1080.0974357751857,35,70.0,94.33333333333333,0.3379543118759439,0.321602357793656,0.4741455802319344,0.46941019667525136,54.0,57.0
2026-02-01,Orange,Enrollment_Support,88,0.29559242984022793,0.4653007327505592,52,871.5695075565698,29,107.0,88.33333333333333,0.3239517176064716,0.3191661531075478,0.48176986577769126,0.47373872625339497,51.0,52.333333333333336
2026-03-01,Orange,Enrollment_Support,74,0.32193777985135674,0.4868929518937244,47,728.2723656998211,21,88.0,89.66666666666667,0.29559242984022793,0.31382730909935214,0.4653007327505592,0.4779878501406583,52.0,50.0
2026-04-01,Orange,Enrollment_Support,138,0.29788466477648456,0.4485738662509044,77,1355.230028409156,44,74.0,100.0,0.32193777985135674,0.3051382914893564,0.4868929518937244,0.46692251696506265,47.0,58.666666666666664
2026-05-01,Orange,Enrollment_Support,87,0.36906575115329676,0.3993730780960113,51,884.7527698556951,28,138.0,99.66666666666667,0.29788466477648456,0.3296293985937127,0.4485738662509044,0.44494663208021334,77.0,58.333333333333336
2026-06-01,Orange,Enrollment_Support,83,0.3384476136797406,0.427353195588597,53,793.2474600996416,24,87.0,102.66666666666667,0.36906575115329676,0.3351326765365073,0.3993730780960113,0.42510004664517087,51.0,60.333333333333336
2025-02-01,Orange,Preventive_Care,55,0.3574749812635036,0.49549777759167046,33,623.4462590508524,20,98.0,76.5,0.3295851033812261,0.34353004232236484,0.45040414926911426,0.47295096343039233,48.0,40.5
2025-03-01,Orange,Preventive_Care,120,0.31484647071354754,0.38729649463436266,63,1115.0942575033678,39,55.0,91.0,0.3574749812635036,0.33396885178609237,0.49549777759167046,0.4443994738317158,33.0,48.0
2025-04-01,Orange,Preventive_Care,97,0.32734970359675636,0.45884431014215277,57,943.8056070224063,31,120.0,90.66666666666667,0.31484647071354754,0.33322371852460253,0.38729649463436266,0.4472128607893953,63.0,51.0
2025-05-01,Orange,Preventive_Care,87,0.2778802062495048,0.3862140219132189,47,838.2092603261673,28,97.0,101.33333333333333,0.32734970359675636,0.3066921268532696,0.45884431014215277,0.41078494222991147,57.0,55.666666666666664
2025-06-01,Orange,Preventive_Care,124,0.23851960903983105,0.3710243935086102,61,978.4637350430768,31,87.0,102.66666666666667,0.2778802062495048,0.2812498396286974,0.3862140219132189,0.4053609085213273,47.0,55.0
2025-07-01,Orange,Preventive_Care,77,0.28664950715622284,0.42034172574604517,29,635.7741954521659,22,124.0,96.0,0.23851960903983105,0.2676831074818529,0.3710243935086102,0.3925267137226247,61.0,45.666666666666664
2025-08-01,Orange,Preventive_Care,77,0.27858982741059274,0.49827945568249893,42,718.4452818414813,23,77.0,92.66666666666667,0.28664950715622284,0.26791964786888217,0.42034172574604517,0.42988185831238473,29.0,44.0
2025-09-01,Orange,Preventive_Care,100,0.3104774239169238,0.49089233648692665,52,913.7452121880509,27,77.0,84.66666666666667,0.27858982741059274,0.29190558616124646,0.49827945568249893,0.46983783930515693,42.0,41.0
2025-10-01,Orange,Preventive_Care,82,0.3180212440777496,0.49682925051361454,54,867.6333588671929,26,100.0,86.33333333333333,0.3104774239169238,0.30236283180175544,0.49089233648692665,0.4953336808943467,52.0,49.333333333333336
2025-11-01,Orange,Preventive_Care,68,0.32191449455070714,0.4636789454994785,32,653.4058013207107,22,82.0,83.33333333333333,0.3180212440777496,0.31680438751512685,0.49682925051361454,0.48380017750000653,54.0,46.0
2025-12-01,Orange,Preventive_Care,95,0.3006324538353808,0.519425516792042,42,914.6364198837423,28,68.0,81.66666666666667,0.32191449455070714,0.3135227308212792,0.4636789454994785,0.49331123760171164,32.0,42.666666666666664
2026-01-01,Orange,Preventive_Care,93,0.2922785417169365,0.4425818002000778,46,823.7107747301309,26,95.0,85.33333333333333,0.3006324538353808,0.30494183003434144,0.519425516792042,0.47522875416386606,42.0,40.0
2026-02-01,Orange,Preventive_Care,88,0.30529833035305787,0.4665178933617302,52,886.2849735041631,29,93.0,92.0,0.2922785417169365,0.29940310863512504,0.4425818002000778,0.47617507011794996,46.0,46.666666666666664
2026-03-01,Orange,Preventive_Care,139,0.33747013725843733,0.4221150438549093,63,1134.1658909967057,36,88.0,106.66666666666667,0.30529833035305787,0.31168233644281057,0.4665178933617302,0.4437382458055725,52.0,53.666666666666664
2026-04-01,Orange,Preventive_Care,75,0.29228892172892246,0.4193429314830406,52,790.7326437540423,23,139.0,100.66666666666667,0.33747013725843733,0.3116857964468059,0.4221150438549093,0.4359919562332267,63.0,55.666666666666664
2026-05-01,Orange,Preventive_Care,62,0.32731301221650977,0.4790951125400021,34,612.7243548289758,19,75.0,92.0,0.29228892172892246,0.3190240237346232,0.4193429314830406,0.440184362625984,52.0,49.666666666666664
2026-06-01,Orange,Preventive_Care,81,0.3284867162750594,0.42371167729162873,47,797.1797476527803,25,62.0,72.66666666666667,0.32731301221650977,0.3160295500734972,0.4790951125400021,0.4407165737715571,34.0,44.333333333333336
2025-02-01,Orange,Telehealth,93,0.2787887946849125,0.5026499688522431,48,891.5826531215572,29,121.0,107.0,0.2878967173919862,0.2833427560384494,0.4323698323344168,0.46750990059333,79.0,63.5
2025-03-01,Orange,Telehealth,70,0.2868263473937834,0.43900175652841184,39,705.6123113759986,23,93.0,94.66666666666667,0.2787887946849125,0.28450395315689403,0.5026499688522431,0.4580071859050239,48.0,55.333333333333336
2025-04-01,Orange,Telehealth,75,0.2841545028631351,0.49923496516240334,42,755.7014968280888,25,70.0,79.33333333333333,0.2868263473937834,0.2832565483139437,0.43900175652841184,0.4802955635143527,39.0,43.0
2025-05-01,Orange,Telehealth,94,0.32516817585946617,0.44542063101258045,49,902.274340658667,30,75.0,79.66666666666667,0.2841545028631351,0.2987163420387949,0.49923496516240334,0.4612191175677985,42.0,43.333333333333336
2025-06-01,Orange,Telehealth,95,0.3237012508744291,0.37679962848647797,39,780.751694022827,25,94.0,88.0,0.32516817585946617,0.31100797653234347,0.44542063101258045,0.4404850748871539,49.0,43.333333333333336
2025-07-01,Orange,Telehealth,74,0.3702644887526195,0.4068259882405724,52,865.8607367560935,29,95.0,87.66666666666667,0.3237012508744291,0.3397113051621716,0.37679962848647797,0.40968208257987687,39.0,46.666666666666664
2025-08-01,Orange,Telehealth,119,0.31800878817453027,0.44344643967229125,73,1184.3354759822703,38,74.0,96.0,0.3702644887526195,0.33732484260052625,0.4068259882405724,0.4090240187997805,52.0,54.666666666666664
2025-09-01,Orange,Telehealth,125,0.3111090376331576,0.4276430822828743,65,1163.5119978884345,36,119.0,106.0,0.31800878817453027,0.33312743818676915,0.44344643967229125,0.4259718367319126,73.0,63.333333333333336
2025-10-01,Orange,Telehealth,88,0.3482623262014864,0.47017106536191794,46,831.1311248652133,26,125.0,110.66666666666667,0.3111090376331576,0.3257933840030581,0.4276430822828743,0.4470868624390278,65.0,61.333333333333336
2025-11-01,Orange,Telehealth,78,0.31583461788214406,0.432212613824318,33,714.980741110733,23,88.0,97.0,0.3482623262014864,0.32506866057226264,0.47017106536191794,0.4433422538230367,46.0,48.0
2025-12-01,Orange,Telehealth,80,0.2753846267387602,0.4806179914743691,48,783.9375434324218,25,78.0,82.0,0.31583461788214406,0.31316052360746355,0.432212613824318,0.4610005568868683,33.0,42.333333333333336
2026-01-01,Orange,Telehealth,82,0.34408874069482337,0.4264892461086583,44,776.4157753739694,24,80.0,80.0,0.2753846267387602,0.3117693284385759,0.4806179914743691,0.44643995046911505,48.0,41.666666666666664
2026-02-01,Orange,Telehealth,100,0.3235533248010243,0.434878629316827,44,918.4565123573398,28,82.0,87.33333333333333,0.34408874069482337,0.3143422307448693,0.4264892461086583,0.44732862229995146,44.0,45.333333333333336
2026-03-01,Orange,Telehealth,84,0.3285221522937252,0.41982112578617325,38,753.0884143144001,24,100.0,88.66666666666667,0.3235533248010243,0.33205473926319096,0.434878629316827,0.4270630004038862,44.0,42.0
2026-04-01,Orange,Telehealth,81,0.3180745462978267,0.443884714447001,51,847.6635222173414,28,84.0,88.33333333333333,0.3285221522937252,0.3233833411308587,0.41982112578617325,0.43286148985000034,38.0,44.333333333333336
2026-05-01,Orange,Telehealth,86,0.31448634135552767,0.4405462944843615,46,876.2210761342678,29,81.0,83.66666666666667,0.3180745462978267,0.32036101331569317,0.443884714447001,0.43475071157251194,51.0,45.0
2026-06-01,Orange,Telehealth,103,0.32537663845001663,0.38562922680315026,68,1072.3473426142527,36,86.0,90.0,0.31448634135552767,0.3193125087011237,0.4405462944843615,0.4233534119115043,46.0,55.0
2025-02-01,Riverside,Clinic_Access,111,0.28777959971235556,0.4382038033355042,52,1080.9557881527903,35,124.0,117.5,0.29240835747800553,0.29009397859518055,0.4953850118464088,0.4667944075909565,74.0,63.0
2025-03-01,Riverside,Clinic_Access,90,0.3248852484292749,0.4850904901799482,63,1031.149631140297,31,111.0,108.33333333333333,0.28777959971235556,0.30169106853987865,0.4382038033355042,0.47289310178728705,52.0,63.0
2025-04-01,Riverside,Clinic_Access,102,0.33509253065902284,0.46368752967493776,34,871.3373054020138,29,90.0,101.0,0.3248852484292749,0.3159191262668844,0.4850904901799482,0.4623272743967967,63.0,49.666666666666664
2025-05-01,Riverside,Clinic_Access,73,0.32545104891710835,0.5000451153842422,53,827.1208513760273,26,102.0,88.33333333333333,0.33509253065902284,0.328476276001802,0.46368752967493776,0.48294104507970936,34.0,50.0
2025-06-01,Riverside,Clinic_Access,98,0.2477237271876333,0.47828832380795205,47,942.6439694374909,32,73.0,91.0,0.32545104891710835,0.30275576892125483,0.5000451153842422,0.48067365628904396,53.0,44.666666666666664
2025-07-01,Riverside,Clinic_Access,72,0.3053197689014308,0.4603594978124236,40,747.1982451633589,23,98.0,81.0,0.2477237271876333,0.29283151500205745,0.47828832380795205,0.4795643123348727,47.0,46.666666666666664
2025-08-01,Riverside,Clinic_Access,111,0.33391764465571266,0.44243325425913493,50,984.8105479630134,33,72.0,93.66666666666667,0.3053197689014308,0.29565371358159226,0.4603594978124236,0.46036035862650354,40.0,45.666666666666664
2025-09-01,Riverside,Clinic_Access,82,0.32198523608556145,0.47217557739402977,41,817.6317740777332,28,111.0,88.33333333333333,0.33391764465571266,0.32040754988090164,0.44243325425913493,0.4583227764885294,50.0,43.666666666666664
2025-10-01,Riverside,Clinic_Access,96,0.349158411833605,0.41257747227687497,58,935.869461099239,30,82.0,96.33333333333333,0.32198523608556145,0.3350204308582931,0.47217557739402977,0.4423954346433465,41.0,49.666666666666664
2025-11-01,Riverside,Clinic_Access,91,0.2960301280285801,0.4508773722179967,59,898.150016492777,29,96.0,89.66666666666667,0.349158411833605,0.32239125864924884,0.41257747227687497,0.4452101406296338,58.0,52.666666666666664
2025-12-01,Riverside,Clinic_Access,80,0.3213790804063858,0.4672184742413364,44,849.1179639934768,28,91.0,89.0,0.2960301280285801,0.3221892067561903,0.4508773722179967,0.4435577729120694,59.0,53.666666666666664
2026-01-01,Riverside,Clinic_Access,35,0.3265976038398328,0.39396148612897325,19,346.62347517530395,12,80.0,68.66666666666667,0.3213790804063858,0.3146689374249329,0.4672184742413364,0.4373524441961021,44.0,40.666666666666664
2026-02-01,Riverside,Clinic_Access,107,0.3067765585529356,0.4245827840417857,49,918.7660071678533,28,35.0,74.0,0.3265976038398328,0.31825108093305143,0.39396148612897325,0.4285875814706985,19.0,37.333333333333336
2026-03-01,Riverside,Clinic_Access,115,0.3306778446626143,0.402749216591706,61,1007.0744694448194,32,107.0,85.66666666666667,0.3067765585529356,0.3213506690184609,0.4245827840417857,0.40709782892082164,49.0,43.0
2026-04-01,Riverside,Clinic_Access,107,0.30683968889713137,0.4850515216283119,65,997.7434817185044,30,115.0,109.66666666666667,0.3306778446626143,0.31476469737089374,0.402749216591706,0.4374611740872678,61.0,58.333333333333336
2026-05-01,Riverside,Clinic_Access,72,0.29532097805874424,0.42465725880450644,40,653.8042492222884,20,107.0,98.0,0.30683968889713137,0.31094617053949664,0.4850515216283119,0.43748599900817475,65.0,55.333333333333336
2026-06-01,Riverside,Clinic_Access,72,0.2797658074351856,0.4181179233082193,37,659.6216902573898,21,72.0,83.66666666666667,0.29532097805874424,0.2939754914636871,0.42465725880450644,0.4426089012470125,40.0,47.333333333333336
2025-02-01,Riverside,Enrollment_Support,83,0.3286448473917084,0.39074681998362304,43,753.4220193468108,26,73.0,78.0,0.2581186285306635,0.29338173796118594,0.47806016583182315,0.43440349290772307,46.0,44.5
2025-03-01,Riverside,Enrollment_Support,97,0.3162375291852914,0.4390058889295598,36,834.6531753985042,29,83.0,84.33333333333333,0.3286448473917084,0.3010003350358878,0.39074681998362304,0.435937624915002,43.0,41.666666666666664
2025-04-01,Riverside,Enrollment_Support,112,0.3247910829485882,0.5118392527411987,56,1074.4232280965132,34,97.0,97.33333333333333,0.3162375291852914,0.32322448650852936,0.4390058889295598,0.44719732055146055,36.0,45.0
2025-05-01,Riverside,Enrollment_Support,107,0.2621646985061843,0.45647022702833645,47,919.3226968814213,30,112.0,105.33333333333333,0.3247910829485882,0.3010644368800213,0.5118392527411987,0.4691051228996983,56.0,46.333333333333336
2025-06-01,Riverside,Enrollment_Support,89,0.2598457893870652,0.41779291933782386,62,884.2876794225471,28,107.0,102.66666666666667,0.2621646985061843,0.2822671902806126,0.45647022702833645,0.4620341330357863,47.0,55.0
2025-07-01,Riverside,Enrollment_Support,80,0.30125369136572855,0.5155983392997432,53,815.0947341094897,25,89.0,92.0,0.2598457893870652,0.274421393086326,0.41779291933782386,0.4632871618886345,62.0,54.0
2025-08-01,Riverside,Enrollment_Support,98,0.3226201367646335,0.4385655635807764,68,1081.4578705003526,34,80.0,89.0,0.30125369136572855,0.2945732058391424,0.5155983392997432,0.4573189407394478,53.0,61.0
2025-09-01,Riverside,Enrollment_Support,108,0.2991197784737842,0.4535337940251011,35,988.9697439568841,33,98.0,95.33333333333333,0.3226201367646335,0.30766453553471546,0.4385655635807764,0.46923256563520693,68.0,52.0
2025-10-01,Riverside,Enrollment_Support,85,0.3183748279068746,0.4354971493789688,40,778.0014260653658,24,108.0,97.0,0.2991197784737842,0.31337158104843077,0.4535337940251011,0.4425321689949488,35.0,47.666666666666664
2025-11-01,Riverside,Enrollment_Support,92,0.27600266949437474,0.48103580995274436,52,816.0669408954469,24,85.0,95.0,0.3183748279068746,0.29783242529167786,0.4354971493789688,0.4566889177856048,40.0,42.333333333333336
2025-12-01,Riverside,Enrollment_Support,87,0.3291451432146532,0.4691284478145226,44,906.1847273975371,28,92.0,88.0,0.27600266949437474,0.3078408802053008,0.48103580995274436,0.4618871357154119,52.0,45.333333333333336
2026-01-01,Riverside,Enrollment_Support,118,0.2975227278421445,0.4720465449815351,56,1182.2558663456812,37,87.0,99.0,0.3291451432146532,0.3008901801837242,0.4691284478145226,0.474070267582934,44.0,50.666666666666664
2026-02-01,Riverside,Enrollment_Support,105,0.28474925683614316,0.43974437446987413,54,864.4041357970733,27,118.0,103.33333333333333,0.2975227278421445,0.30380570929764694,0.4720465449815351,0.46030645575531065,56.0,51.333333333333336
2026-03-01,Riverside,Enrollment_Support,81,0.3089029320339208,0.4590618463426998,50,791.208841372895,24,105.0,101.33333333333333,0.28474925683614316,0.29705830557073615,0.43974437446987413,0.4569509219313697,54.0,53.333333333333336
2026-04-01,Riverside,Enrollment_Support,120,0.3100199588935878,0.4609510090198189,74,1213.6762630185697,41,81.0,102.0,0.3089029320339208,0.30122404925455054,0.4590618463426998,0.4532524099441309,50.0,59.333333333333336
2026-05-01,Riverside,Enrollment_Support,97,0.28817563057729645,0.46953937011381985,59,1031.2487129730562,31,120.0,99.33333333333333,0.3100199588935878,0.302366173834935,0.4609510090198189,0.4631840751587795,74.0,61.0
2026-06-01,Riverside,Enrollment_Support,79,0.28938177158682055,0.4705205259902139,38,785.1349537001624,27,97.0,98.66666666666667,0.28817563057729645,0.2958591203525683,0.46953937011381985,0.4670036350412842,59.0,57.0
2025-02-01,Riverside,Preventive_Care,106,0.3284608630444297,0.4091621366706184,66,1154.8000097402305,37,70.0,88.0,0.23890774720207994,0.2836843051232548,0.427508702798403,0.4183354197345107,37.0,51.5
2025-03-01,Riverside,Preventive_Care,65,0.34043895818012687,0.4685873702940642,37,651.2164150988011,22,106.0,80.33333333333333,0.3284608630444297,0.30260252280887884,0.4091621366706184,0.43508606992102855,66.0,46.666666666666664
2025-04-01,Riverside,Preventive_Care,107,0.28307060433558034,0.43965312146099644,66,1069.9705614317907,34,65.0,92.66666666666667,0.34043895818012687,0.3173234751867123,0.4685873702940642,0.43913420947522636,37.0,56.333333333333336
2025-05-01,Riverside,Preventive_Care,100,0.33421469460714026,0.44002499944179196,57,930.5633380023808,30,107.0,90.66666666666667,0.28307060433558034,0.31924141904094916,0.43965312146099644,0.44942183039895084,66.0,53.333333333333336
2025-06-01,Riverside,Preventive_Care,99,0.34043408472639763,0.42481865741684227,48,947.9138438479911,30,100.0,102.0,0.33421469460714026,0.31923979455637275,0.44002499944179196,0.43483225943987686,57.0,57.0
2025-07-01,Riverside,Preventive_Care,49,0.31023370706277076,0.35203938759063325,33,492.84829984852416,17,99.0,82.66666666666667,0.34043408472639763,0.3282941621321029,0.42481865741684227,0.4056276814830892,48.0,46.0
2025-08-01,Riverside,Preventive_Care,92,0.3911521855283769,0.4452849367789054,45,872.3736345312498,26,49.0,80.0,0.31023370706277076,0.34727332577251513,0.35203938759063325,0.4073809939287936,33.0,42.0
2025-09-01,Riverside,Preventive_Care,70,0.3072842946225117,0.4358182599435478,35,672.3832876305413,23,92.0,70.33333333333333,0.3911521855283769,0.33622339573788645,0.4452849367789054,0.4110475281043622,45.0,37.666666666666664
2025-10-01,Riverside,Preventive_Care,90,0.34986509158905266,0.4043335463495567,47,782.1185245962234,24,70.0,84.0,0.3072842946225117,0.3494338572466471,0.4358182599435478,0.42847891435733665,35.0,42.333333333333336
2025-11-01,Riverside,Preventive_Care,105,0.3093714357393744,0.4779636649045766,54,942.1024962576446,28,90.0,88.33333333333333,0.34986509158905266,0.3221736073169796,0.4043335463495567,0.43937182373256034,47.0,45.333333333333336
2025-12-01,Riverside,Preventive_Care,69,0.32986835650415297,0.49455358140728817,34,645.3221056070043,20,105.0,88.0,0.3093714357393744,0.32970162794419333,0.4779636649045766,0.45895026422047386,54.0,45.0
2026-01-01,Riverside,Preventive_Care,84,0.34380173744322734,0.41092467723780185,63,883.8859286953831,28,69.0,86.0,0.32986835650415297,0.3276805098955849,0.49455358140728817,0.4611473078498889,34.0,50.333333333333336
2026-02-01,Riverside,Preventive_Care,107,0.3394557181012026,0.499085262712892,56,1005.1989948284063,32,84.0,86.66666666666667,0.34380173744322734,0.3377086040161943,0.41092467723780185,0.46818784045266065,63.0,51.0
2026-03-01,Riverside,Preventive_Care,78,0.3408945190655022,0.5116154539601618,44,738.8973177412605,22,107.0,89.66666666666667,0.3394557181012026,0.34138399153664406,0.499085262712892,0.4738751313036185,56.0,54.333333333333336
2026-04-01,Riverside,Preventive_Care,98,0.35091829380424444,0.4764460689173208,57,1022.2919464812377,33,78.0,94.33333333333333,0.3408945190655022,0.3437561769903164,0.5116154539601618,0.49571559519679154,44.0,52.333333333333336
2026-05-01,Riverside,Preventive_Care,84,0.3312878474430826,0.4769752797147008,47,898.280975605616,29,98.0,86.66666666666667,0.35091829380424444,0.3410335534376097,0.4764460689173208,0.48834560086406115,57.0,49.333333333333336
2026-06-01,Riverside,Preventive_Care,99,0.2839745844719027,0.4786190153689572,52,888.688299128084,29,84.0,93.66666666666667,0.3312878474430826,0.3220602419064099,0.4769752797147008,0.4773467880003262,47.0,52.0
2025-02-01,Riverside,Telehealth,91,0.3114027716909395,0.4511185198852746,34,747.6905548678527,23,73.0,82.0,0.3124714231640127,0.3119370974274761,0.41853295705474797,0.43482573847001127,43.0,38.5
2025-03-01,Riverside,Telehealth,118,0.34258506804246447,0.46219836485061633,66,1168.52419586793,37,91.0,94.0,0.3114027716909395,0.32215308763247225,0.4511185198852746,0.44394994726354636,34.0,47.666666666666664
2025-04-01,Riverside,Telehealth,97,0.27992565962869276,0.4579056267387453,48,896.982523063852,30,118.0,102.0,0.34258506804246447,0.3113044997873656,0.46219836485061633,0.45707417049154536,66.0,49.333333333333336
2025-05-01,Riverside,Telehealth,103,0.2781878260977902,0.41199907226926474,45,931.5798869409583,29,97.0,106.0,0.27992565962869276,0.30023285125631577,0.4579056267387453,0.44403435461954216,48.0,53.0
2025-06-01,Riverside,Telehealth,95,0.32873435718787697,0.4562325777585218,63,1012.0707870200157,33,103.0,98.33333333333333,0.2781878260977902,0.29561594763812,0.41199907226926474,0.4420457589221773,45.0,52.0
2025-07-01,Riverside,Telehealth,65,0.2963217272449183,0.47300363193488865,51,728.5133026547285,23,95.0,87.66666666666667,0.32873435718787697,0.30108130351019513,0.4562325777585218,0.4470784273208917,63.0,53.0
2025-08-01,Riverside,Telehealth,80,0.3700369771732762,0.465336703838498,60,871.2729561394433,26,65.0,80.0,0.2963217272449183,0.33169768720202386,0.47300363193488865,0.4648576378439695,51.0,58.0
2025-09-01,Riverside,Telehealth,132,0.3137001021297723,0.4415893924042736,61,1225.9855559917398,39,80.0,92.33333333333333,0.3700369771732762,0.3266862688493222,0.465336703838498,0.45997657605922004,60.0,57.333333333333336
2025-10-01,Riverside,Telehealth,136,0.32899116509955423,0.44330982359141213,76,1285.4038610825423,40,132.0,116.0,0.3137001021297723,0.3375760814675342,0.4415893924042736,0.45007863994472785,61.0,65.66666666666667
2025-11-01,Riverside,Telehealth,73,0.3305385442974635,0.455868887995851,33,690.4560272315391,24,136.0,113.66666666666667,0.32899116509955423,0.3244099371755967,0.44330982359141213,0.4469227013305123,76.0,56.666666666666664
2025-12-01,Riverside,Telehealth,115,0.2648578555673054,0.4402102129717225,50,1026.9311337555403,34,73.0,108.0,0.3305385442974635,0.30812918832144104,0.455868887995851,0.4464629748529952,33.0,53.0
2026-01-01,Riverside,Telehealth,69,0.2793062599374399,0.5022327784880489,60,876.2527835706036,28,115.0,85.66666666666667,0.2648578555673054,0.2915675532674029,0.4402102129717225,0.4661039598185408,50.0,47.666666666666664
2026-02-01,Riverside,Telehealth,78,0.2662803385416076,0.43793471510207804,54,763.2500465954012,24,69.0,87.33333333333333,0.2793062599374399,0.2701481513487843,0.5022327784880489,0.46012590218728316,60.0,54.666666666666664
2026-03-01,Riverside,Telehealth,82,0.35684396390830625,0.44487146419424356,57,948.7699842345569,29,78.0,76.33333333333333,0.2662803385416076,0.30081018746245125,0.43793471510207804,0.46167965259479016,54.0,57.0
2026-04-01,Riverside,Telehealth,93,0.2870074940042196,0.48512792896571355,60,960.7499641466244,30,82.0,84.33333333333333,0.35684396390830625,0.3033772654847111,0.44487146419424356,0.45597803608734505,57.0,57.0
2026-05-01,Riverside,Telehealth,100,0.30919195299228297,0.49525263172293416,65,975.3566245216263,30,93.0,91.66666666666667,0.2870074940042196,0.31768113696826966,0.48512792896571355,0.4750840082942971,60.0,60.666666666666664
2026-06-01,Riverside,Telehealth,75,0.3474149738403856,0.4493564125621765,46,759.6476310285186,24,100.0,89.33333333333333,0.30919195299228297,0.3145381402789627,0.49525263172293416,0.4765789910836081,65.0,57.0
2025-02-01,San Bernardino,Clinic_Access,102,0.34264321253147595,0.4342861579597835,62,1011.8396934390208,32,77.0,89.5,0.27856547239188617,0.31060434246168106,0.5191546125559516,0.47672038525786753,46.0,54.0
2025-03-01,San Bernardino,Clinic_Access,85,0.36629262117862366,0.4872942202867172,52,827.3393631633184,26,102.0,88.0,0.34264321253147595,0.32916710203399524,0.4342861579597835,0.48024499693415074,62.0,53.333333333333336
2025-04-01,San Bernardino,Clinic_Access,58,0.2808936722592292,0.4788912118792668,33,597.6331741265461,19,85.0,81.66666666666667,0.36629262117862366,0.3299431686564429,0.4872942202867172,0.4668238633752558,52.0,49.0
2025-05-01,San Bernardino,Clinic_Access,76,0.276281840080931,0.4739277731828357,51,783.1191754233728,24,58.0,73.0,0.2808936722592292,0.3078227111729279,0.4788912118792668,0.48003773511627323,33.0,45.333333333333336
2025-06-01,San Bernardino,Clinic_Access,104,0.3140503129825593,0.4817724496632281,65,1032.916174650422,32,76.0,79.33333333333333,0.276281840080931,0.2904086084409065,0.4739277731828357,0.4781971449084435,51.0,49.666666666666664
2025-07-01,San Bernardino,Clinic_Access,71,0.3483585446731317,0.4840531958581898,41,762.8893526708871,24,104.0,83.66666666666667,0.3140503129825593,0.3128968992455407,0.4817724496632281,0.47991780623475117,65.0,52.333333333333336
2025-08-01,San Bernardino,Clinic_Access,64,0.3144020518434829,0.5275481249038182,42,713.748817455436,24,71.0,79.66666666666667,0.3483585446731317,0.3256036364997246,0.4840531958581898,0.497791256808412,41.0,49.333333333333336
2025-09-01,San Bernardino,Clinic_Access,94,0.2681308897055569,0.49842100598715355,58,943.9846111997838,30,64.0,76.33333333333333,0.3144020518434829,0.31029716207405716,0.5275481249038182,0.5033407755830538,42.0,47.0
2025-10-01,San Bernardino,Clinic_Access,102,0.28799745805416865,0.4422135747370023,64,976.0226090277415,32,94.0,86.66666666666667,0.2681308897055569,0.2901767998677362,0.49842100598715355,0.4893942352093246,58.0,54.666666666666664
2025-11-01,San Bernardino,Clinic_Access,104,0.3190714623241266,0.4078843271102576,46,995.3888105560748,36,102.0,100.0,0.28799745805416865,0.29173327002795074,0.4422135747370023,0.4495063026114712,64.0,56.0
2025-12-01,San Bernardino,Clinic_Access,72,0.26713873018755707,0.3864255458508479,36,655.647414334527,22,104.0,92.66666666666667,0.3190714623241266,0.29140255018861744,0.4078843271102576,0.4121744825660359,46.0,48.666666666666664
2026-01-01,San Bernardino,Clinic_Access,86,0.28558976027118593,0.4480929314254801,53,870.4695013648903,28,72.0,87.33333333333333,0.26713873018755707,0.2905999842609565,0.3864255458508479,0.41413426812886184,36.0,45.0
2026-02-01,San Bernardino,Clinic_Access,105,0.32203782321325797,0.4545785458289435,69,1102.8703062189961,35,86.0,87.66666666666667,0.28558976027118593,0.29158877122400034,0.4480929314254801,0.4296990077017571,53.0,52.666666666666664
2026-03-01,San Bernardino,Clinic_Access,92,0.31828607281219046,0.4160252195888946,42,857.5180183135606,29,105.0,94.33333333333333,0.32203782321325797,0.30863788543221143,0.4545785458289435,0.43956556561443944,69.0,54.666666666666664
2026-04-01,San Bernardino,Clinic_Access,88,0.3296827404197916,0.4751878051613007,44,811.0100433987654,26,92.0,95.0,0.31828607281219046,0.3233355454817467,0.4160252195888946,0.4485971901930463,42.0,51.666666666666664
2026-05-01,San Bernardino,Clinic_Access,78,0.31115064735032766,0.4284598981982373,45,733.321539078467,22,88.0,86.0,0.3296827404197916,0.3197064868607699,0.4751878051613007,0.43989097431614427,44.0,43.666666666666664
2026-06-01,San Bernardino,Clinic_Access,63,0.41704400063252456,0.40824407564910015,30,616.1073453781664,20,78.0,76.33333333333333,0.31115064735032766,0.3526257961342146,0.4284598981982373,0.4372972596695461,45.0,39.666666666666664
2025-02-01,San Bernardino,Enrollment_Support,98,0.28407484734087474,0.47323857973838845,57,987.909564412819,31,71.0,84.5,0.28117967568940433,0.2826272615151395,0.334745016727876,0.40399179823313225,47.0,52.0
2025-03-01,San Bernardino,Enrollment_Support,73,0.3147199355935107,0.37129889154512385,42,683.7975789435379,21,98.0,80.66666666666667,0.28407484734087474,0.29332481954126327,0.47323857973838845,0.39309416267046277,57.0,48.666666666666664
2025-04-01,San Bernardino,Enrollment_Support,94,0.3480645834265888,0.4505315940181664,41,802.2363587339095,24,73.0,88.33333333333333,0.3147199355935107,0.3156197887869914,0.37129889154512385,0.4316896884338928,42.0,46.666666666666664
2025-05-01,San Bernardino,Enrollment_Support,81,0.28493391279986185,0.46447282109292687,48,797.4335334221507,28,94.0,82.66666666666667,0.3480645834265888,0.3159061439399871,0.4505315940181664,0.4287677688854057,41.0,43.666666666666664
2025-06-01,San Bernardino,Enrollment_Support,77,0.3433074042785013,0.45980850089038106,48,841.3455412196888,28,81.0,84.0,0.28493391279986185,0.3254353001683173,0.46447282109292687,0.4582709720004914,48.0,45.666666666666664
2025-07-01,San Bernardino,Enrollment_Support,98,0.3624775146704976,0.4341654442775241,49,860.8419918637239,25,77.0,85.33333333333333,0.3433074042785013,0.33023961058295365,0.45980850089038106,0.45281558875361066,48.0,48.333333333333336
2025-08-01,San Bernardino,Enrollment_Support,91,0.3207690453917229,0.4801457959610799,69,1002.9919239759506,29,98.0,88.66666666666667,0.3624775146704976,0.34218465478024057,0.4341654442775241,0.45803991370966174,49.0,55.333333333333336
2025-09-01,San Bernardino,Enrollment_Support,73,0.3278746002037946,0.4407148401982579,44,722.935694861765,23,91.0,87.33333333333333,0.3207690453917229,0.3370403867553384,0.4801457959610799,0.45167536014562065,69.0,54.0
2025-10-01,San Bernardino,Enrollment_Support,66,0.3170247342538758,0.40755652807740333,30,582.5891420737671,20,73.0,76.66666666666667,0.3278746002037946,0.3218894599497978,0.4407148401982579,0.442805721412247,44.0,47.666666666666664
2025-11-01,San Bernardino,Enrollment_Support,111,0.3508088284618754,0.4550207738687149,45,895.9488457689566,28,66.0,83.33333333333333,0.3170247342538758,0.3319027209731819,0.40755652807740333,0.4344307140481254,30.0,39.666666666666664
2025-12-01,San Bernardino,Enrollment_Support,85,0.341836947640608,0.42502771316887505,46,844.6542204071653,27,111.0,87.33333333333333,0.3508088284618754,0.33655683678545306,0.4550207738687149,0.4292016717049978,45.0,40.333333333333336
2026-01-01,San Bernardino,Enrollment_Support,62,0.2870815153439222,0.41111738607383946,47,606.7495460960126,18,85.0,86.0,0.341836947640608,0.32657576381546854,0.42502771316887505,0.4303886243704765,46.0,46.0
2026-02-01,San Bernardino,Enrollment_Support,94,0.3576815407366212,0.5079763088411283,62,941.5627214088902,27,62.0,80.33333333333333,0.2870815153439222,0.32886666790705044,0.41111738607383946,0.44804046936128095,47.0,51.666666666666664
2026-03-01,San Bernardino,Enrollment_Support,98,0.33467151373360166,0.40566071669325765,43,828.9592745059622,28,94.0,84.66666666666667,0.3576815407366212,0.3264781899380483,0.5079763088411283,0.4415848038694084,62.0,50.666666666666664
2026-04-01,San Bernardino,Enrollment_Support,98,0.3570667043555876,0.44223844438326315,58,942.5656815182775,29,98.0,96.66666666666667,0.33467151373360166,0.34980658627527017,0.40566071669325765,0.45195848997254967,43.0,54.333333333333336
2026-05-01,San Bernardino,Enrollment_Support,101,0.3263914945402391,0.4970819798720792,48,981.6833612189548,33,98.0,99.0,0.3570667043555876,0.33937657087647616,0.44223844438326315,0.4483270469828667,58.0,49.666666666666664
2026-06-01,San Bernardino,Enrollment_Support,84,0.31270922082290314,0.47798973680952095,37,788.570148832245,25,101.0,94.33333333333333,0.3263914945402391,0.33205580657290995,0.4970819798720792,0.47243672035495443,48.0,47.666666666666664
2025-02-01,San Bernardino,Preventive_Care,120,0.27618894870034705,0.45378486493818676,56,1021.2182707459649,33,95.0,107.5,0.38061805104999613,0.3284034998751716,0.5116952835754444,0.48274007425681553,54.0,55.0
2025-03-01,San Bernardino,Preventive_Care,61,0.33132366207456554,0.4902118593201931,50,734.1815554365882,24,120.0,92.0,0.27618894870034705,0.32937688727496955,0.45378486493818676,0.4852306692779414,56.0,53.333333333333336
2025-04-01,San Bernardino,Preventive_Care,99,0.35129696661617393,0.4354190938282756,57,992.1832959428353,32,61.0,93.33333333333333,0.33132366207456554,0.3196031924636955,0.4902118593201931,0.4598052726955519,50.0,54.333333333333336
2025-05-01,San Bernardino,Preventive_Care,67,0.34417343673097944,0.5158045172734399,52,729.2579283346433,21,99.0,75.66666666666667,0.35129696661617393,0.3422646884739063,0.4354190938282756,0.4804784901406362,57.0,53.0
2025-06-01,San Bernardino,Preventive_Care,84,0.3183560200942378,0.38842751658981217,46,783.5751581912942,26,67.0,83.33333333333333,0.34417343673097944,0.3379421411471304,0.5158045172734399,0.4465503758971759,52.0,51.666666666666664
2025-07-01,San Bernardino,Preventive_Care,68,0.24780839935134735,0.45660395406245974,44,721.0916431217645,24,84.0,73.0,0.3183560200942378,0.3034459520588549,0.38842751658981217,0.4536119959752372,46.0,47.333333333333336
2025-08-01,San Bernardino,Preventive_Care,83,0.3360111486705981,0.4331346569098163,43,842.2153006791792,28,68.0,78.33333333333333,0.24780839935134735,0.3007251893720611,0.45660395406245974,0.42605537585402936,44.0,44.333333333333336
2025-09-01,San Bernardino,Preventive_Care,69,0.3139654463540722,0.49243173210737934,48,689.411826895651,20,83.0,73.33333333333333,0.3360111486705981,0.2992616647920059,0.4331346569098163,0.4607234476932185,43.0,45.0
2025-10-01,San Bernardino,Preventive_Care,71,0.2925529807563032,0.4823092545327567,25,662.4486824515606,25,69.0,74.33333333333333,0.3139654463540722,0.3141765252603245,0.49243173210737934,0.4692918811833174,48.0,38.666666666666664
2025-11-01,San Bernardino,Preventive_Care,94,0.29321004984866084,0.40688334073903565,55,937.7935147413411,31,71.0,78.0,0.2925529807563032,0.2999094923196787,0.4823092545327567,0.4605414424597239,25.0,42.666666666666664
2025-12-01,San Bernardino,Preventive_Care,85,0.33208864687342854,0.4708698038451764,45,862.2402312831149,27,94.0,83.33333333333333,0.29321004984866084,0.3059505591594642,0.40688334073903565,0.4533541330389896,55.0,41.666666666666664
2026-01-01,San Bernardino,Preventive_Care,93,0.3358412934047857,0.38669493598555976,64,896.5123667504005,28,85.0,90.66666666666667,0.33208864687342854,0.3203799967089584,0.4708698038451764,0.42148269352325723,45.0,54.666666666666664
2026-02-01,San Bernardino,Preventive_Care,120,0.32083226244529867,0.43559981752319177,50,1031.725971716709,32,93.0,99.33333333333333,0.3358412934047857,0.3295874009078376,0.38669493598555976,0.4310548524513093,64.0,53.0
2026-03-01,San Bernardino,Preventive_Care,80,0.30519719773326714,0.42848185159173474,59,854.7921591666886,25,120.0,97.66666666666667,0.32083226244529867,0.32062358452778383,0.43559981752319177,0.41692553503349544,50.0,57.666666666666664
2026-04-01,San Bernardino,Preventive_Care,68,0.36847820087360794,0.4334714537418939,34,676.3430268790894,23,80.0,89.33333333333333,0.30519719773326714,0.33150255368405795,0.42848185159173474,0.43251770761894015,59.0,47.666666666666664
2026-05-01,San Bernardino,Preventive_Care,102,0.2855254049603005,0.40251392513376555,38,822.2502273332365,27,68.0,83.33333333333333,0.36847820087360794,0.3197336011890585,0.4334714537418939,0.4214890768224648,34.0,43.666666666666664
2026-06-01,San Bernardino,Preventive_Care,88,0.3075710372109844,0.4487452473741715,35,852.6842368302852,27,102.0,86.0,0.2855254049603005,0.3205248810149643,0.40251392513376555,0.4282435420832769,38.0,35.666666666666664
2025-02-01,San Bernardino,Telehealth,70,0.2895377488451379,0.43354015457079087,52,787.1338074965821,25,63.0,66.5,0.28338604899586745,0.28646189892050267,0.437786428155359,0.4356632913630749,32.0,42.0
2025-03-01,San Bernardino,Telehealth,79,0.3307840847725831,0.45317045246267906,45,795.231493590521,26,70.0,70.66666666666667,0.2895377488451379,0.30123596087119614,0.43354015457079087,0.44149901172960965,52.0,43.0
2025-04-01,San Bernardino,Telehealth,107,0.347826430477545,0.47902148587233495,69,1101.7888444282419,36,79.0,85.33333333333333,0.3307840847725831,0.3227160880317553,0.45317045246267906,0.45524403096860167,45.0,55.333333333333336
2025-05-01,San Bernardino,Telehealth,76,0.3317764798545275,0.4025338246549453,32,725.1444291782611,25,107.0,87.33333333333333,0.347826430477545,0.33679566503488517,0.47902148587233495,0.4449085876633198,69.0,48.666666666666664
2025-06-01,San Bernardino,Telehealth,110,0.3472897813094341,0.4779276072813632,47,1074.7689184723931,35,76.0,97.66666666666667,0.3317764798545275,0.3422975638805022,0.4025338246549453,0.45316097260288113,32.0,49.333333333333336
2025-07-01,San Bernardino,Telehealth,85,0.30994212570579927,0.4801719030577371,49,826.4473552148734,25,110.0,90.33333333333333,0.3472897813094341,0.32966946228992033,0.4779276072813632,0.4535444449980152,47.0,42.666666666666664
2025-08-01,San Bernardino,Telehealth,92,0.31238726749375084,0.4674443459217944,48,848.9468053430248,26,85.0,95.66666666666667,0.30994212570579927,0.32320639150299474,0.4801719030577371,0.4751812854202982,49.0,48.0
2025-09-01,San Bernardino,Telehealth,81,0.28361632415965904,0.4983159047907423,45,881.8545293377788,28,92.0,86.0,0.31238726749375084,0.30198190578640305,0.4674443459217944,0.48197738459009126,48.0,47.333333333333336
2025-10-01,San Bernardino,Telehealth,73,0.26610235055660647,0.4425517916994037,49,764.8536623830386,25,81.0,82.0,0.28361632415965904,0.2873686474033388,0.4983159047907423,0.46943734747064675,45.0,47.333333333333336
2025-11-01,San Bernardino,Telehealth,78,0.3488710524297581,0.4719267958032645,42,752.9527866515151,23,73.0,77.33333333333333,0.26610235055660647,0.29952990904867455,0.4425517916994037,0.4709314974311369,49.0,45.333333333333336
2025-12-01,San Bernardino,Telehealth,81,0.336615158709182,0.4248365620139078,42,840.455072189968,27,78.0,77.33333333333333,0.3488710524297581,0.31719618723184884,0.4719267958032645,0.44643838317219203,42.0,44.333333333333336
2026-01-01,San Bernardino,Telehealth,64,0.2812870025464509,0.4213316117577008,46,703.6219592156359,23,81.0,74.33333333333333,0.336615158709182,0.32225773789513035,0.4248365620139078,0.43936498985829103,42.0,43.333333333333336
2026-02-01,San Bernardino,Telehealth,108,0.3054213651355953,0.4046208708508696,66,998.2785573094442,31,64.0,84.33333333333333,0.2812870025464509,0.3077745087970761,0.4213316117577008,0.4169296815408261,46.0,51.333333333333336
2026-03-01,San Bernardino,Telehealth,97,0.24792587228052676,0.46625065647101654,61,976.909292361814,30,108.0,89.66666666666667,0.3054213651355953,0.2782114133208577,0.4046208708508696,0.43073437969319567,66.0,57.666666666666664
2026-04-01,San Bernardino,Telehealth,90,0.3229876790688643,0.4455548139097244,50,865.0143113667729,28,97.0,98.33333333333333,0.24792587228052676,0.29211163882832875,0.46625065647101654,0.4388087804105368,61.0,59.0
2026-05-01,San Bernardino,Telehealth,103,0.2923389834119823,0.42461409536736106,56,985.6452525447348,32,90.0,96.66666666666667,0.3229876790688643,0.28775084492045777,0.4455548139097244,0.44547318858270063,50.0,55.666666666666664
2026-06-01,San Bernardino,Telehealth,89,0.31259683617756423,0.48523148019804524,48,901.2315623274752,30,103.0,94.0,0.2923389834119823,0.3093078328861369,0.42461409536736106,0.4518001298250436,56.0,51.333333333333336
2025-02-01,San Diego,Clinic_Access,114,0.298023861131703,0.44771035518150165,69,1143.8799571155105,37,91.0,102.5,0.32191512127902205,0.30996949120536255,0.4424470437392927,0.4450786994603972,54.0,61.5
2025-03-01,San Diego,Clinic_Access,93,0.2521924004610832,0.46679694751174233,47,918.9436604942732,30,114.0,99.33333333333333,0.298023861131703,0.29071046095726943,0.44771035518150165,0.4523181154775122,69.0,56.666666666666664
2025-04-01,San Diego,Clinic_Access,103,0.30229647123771625,0.4863270341924528,55,1034.162296843439,32,93.0,103.33333333333333,0.2521924004610832,0.28417091094350083,0.46679694751174233,0.46694477896189895,47.0,57.0
2025-05-01,San Diego,Clinic_Access,91,0.35485640335330204,0.4844718433552218,54,972.8466500724932,30,103.0,95.66666666666667,0.30229647123771625,0.3031150916840338,0.4863270341924528,0.479198608353139,55.0,52.0
2025-06-01,San Diego,Clinic_Access,94,0.35979302114204975,0.479230690019347,49,934.1840417047254,30,91.0,96.0,0.35485640335330204,0.338981965244356,0.4844718433552218,0.4833431891890072,54.0,52.666666666666664
2025-07-01,San Diego,Clinic_Access,102,0.3000248506966016,0.47719829189703805,39,889.4376274464914,28,94.0,95.66666666666667,0.35979302114204975,0.33822475839731775,0.479230690019347,0.4803002750905356,49.0,47.333333333333336
2025-08-01,San Diego,Clinic_Access,104,0.34991132473649444,0.48788182261599855,56,1026.9321838492724,30,102.0,100.0,0.3000248506966016,0.3365763988583819,0.47719829189703805,0.48143693484412786,39.0,48.0
2025-09-01,San Diego,Clinic_Access,86,0.3399931300221315,0.45285309297387355,47,854.8812394727871,28,104.0,97.33333333333333,0.34991132473649444,0.3299764351517425,0.48788182261599855,0.47264440249563666,56.0,47.333333333333336
2025-10-01,San Diego,Clinic_Access,77,0.3128488121448205,0.43852364707371483,45,791.1373921306256,26,86.0,89.0,0.3399931300221315,0.33425108896781547,0.45285309297387355,0.45975285422119566,47.0,49.333333333333336
2025-11-01,San Diego,Clinic_Access,87,0.33557057707570487,0.4282439569754154,46,810.6583308644956,25,77.0,83.33333333333333,0.3128488121448205,0.32947083974755226,0.43852364707371483,0.4398735656743346,45.0,46.0
2025-12-01,San Diego,Clinic_Access,72,0.31818816183569504,0.49513212856425826,44,735.9437819345935,23,87.0,78.66666666666667,0.33557057707570487,0.32220251701874014,0.4282439569754154,0.4539665775377961,46.0,45.0
2026-01-01,San Diego,Clinic_Access,79,0.3416245091741971,0.4292587844702418,36,689.6967711782214,21,72.0,79.33333333333333,0.31818816183569504,0.3317944160285324,0.49513212856425826,0.4508782900033051,44.0,42.0
2026-02-01,San Diego,Clinic_Access,86,0.2945832169171466,0.4066345701212234,40,813.351310131525,26,79.0,79.0,0.3416245091741971,0.3181319626423463,0.4292587844702418,0.4436751610519078,36.0,40.0
2026-03-01,San Diego,Clinic_Access,83,0.2710258886256935,0.40851666416967414,47,788.3274539496583,29,86.0,82.66666666666667,0.2945832169171466,0.3024112049056791,0.4066345701212234,0.41480333958704646,40.0,41.0
2026-04-01,San Diego,Clinic_Access,90,0.3526119956426233,0.4545098995506814,45,829.4219192245934,27,83.0,86.33333333333333,0.2710258886256935,0.30607370039515447,0.40851666416967414,0.42322037794719297,47.0,44.0
2026-05-01,San Diego,Clinic_Access,74,0.3465895651826645,0.425025326035196,36,680.7818163810354,22,90.0,82.33333333333333,0.3526119956426233,0.32340914981699376,0.4545098995506814,0.4293506299185172,45.0,42.666666666666664
2026-06-01,San Diego,Clinic_Access,97,0.3076920648585836,0.5138087710781849,50,990.3646870470875,32,74.0,87.0,0.3465895651826645,0.3356312085612904,0.425025326035196,0.46444799888802074,36.0,43.666666666666664
2025-02-01,San Diego,Enrollment_Support,103,0.34556305241404817,0.4602744506833267,54,918.3262015085621,29,81.0,92.0,0.300478360198947,0.3230207063064976,0.43532148320432623,0.44779796694382645,39.0,46.5
2025-03-01,San Diego,Enrollment_Support,132,0.34057918871405196,0.41446917900309166,71,1181.7378740882893,37,103.0,105.33333333333333,0.34556305241404817,0.32887353377568235,0.4602744506833267,0.43668837096358154,54.0,54.666666666666664
2025-04-01,San Diego,Enrollment_Support,72,0.2852196573372371,0.4574009146674332,46,718.375474561084,22,132.0,102.33333333333333,0.34057918871405196,0.3237872994884457,0.41446917900309166,0.44404818145128383,71.0,57.0
2025-05-01,San Diego,Enrollment_Support,102,0.30967131666441056,0.43629034547633566,61,968.2022500433291,30,72.0,102.0,0.2852196573372371,0.31182338757189987,0.4574009146674332,0.4360534797156202,46.0,59.333333333333336
2025-06-01,San Diego,Enrollment_Support,102,0.40399760918890626,0.5212793057612669,58,956.0639189176131,27,102.0,92.0,0.30967131666441056,0.33296286106351797,0.43629034547633566,0.4716568553016786,61.0,55.0
2025-07-01,San Diego,Enrollment_Support,83,0.31497937925036074,0.4428402449800704,45,849.9542666180041,28,102.0,95.66666666666667,0.40399760918890626,0.34288276836789255,0.5212793057612669,0.4668032987392243,58.0,54.666666666666664
2025-08-01,San Diego,Enrollment_Support,116,0.345102676929313,0.4386372122670771,50,1026.104613778532,32,83.0,100.33333333333333,0.31497937925036074,0.35469322178952667,0.4428402449800704,0.46758558766947145,45.0,51.0
2025-09-01,San Diego,Enrollment_Support,78,0.265408110148269,0.40413490221933207,46,805.010794961616,27,116.0,92.33333333333333,0.345102676929313,0.3084967221093142,0.4386372122670771,0.42853745315549324,50.0,47.0
2025-10-01,San Diego,Enrollment_Support,103,0.30704504220157414,0.4933927079240789,54,955.928227493763,30,78.0,99.0,0.265408110148269,0.305851943093052,0.40413490221933207,0.44538827413682935,46.0,50.0
2025-11-01,San Diego,Enrollment_Support,81,0.4067634655993901,0.4792273188245905,53,917.5320365298223,28,103.0,87.33333333333333,0.30704504220157414,0.3264055393164111,0.4933927079240789,0.4589183096560005,54.0,51.0
2025-12-01,San Diego,Enrollment_Support,80,0.36580885840745087,0.43679220559005616,48,772.6425455364393,23,81.0,88.0,0.4067634655993901,0.359872455402805,0.4792273188245905,0.4698040774462419,53.0,51.666666666666664
2026-01-01,San Diego,Enrollment_Support,72,0.34818855551206573,0.527031682384669,24,626.679838609783,20,80.0,77.66666666666667,0.36580885840745087,0.3735869598396356,0.43679220559005616,0.4810170689331052,48.0,41.666666666666664
2026-02-01,San Diego,Enrollment_Support,85,0.37007316878114954,0.46455365561662915,40,775.2659230700121,23,72.0,79.0,0.34818855551206573,0.361356860900222,0.527031682384669,0.4761258478637848,24.0,37.333333333333336
2026-03-01,San Diego,Enrollment_Support,68,0.3287159555654723,0.4901178855231299,35,670.7335825707813,22,85.0,75.0,0.37007316878114954,0.34899255995289585,0.46455365561662915,0.4939010745081427,40.0,33.0
2026-04-01,San Diego,Enrollment_Support,65,0.3103769987675987,0.40957647683391263,33,677.7476660282576,23,68.0,72.66666666666667,0.3287159555654723,0.3363887077047402,0.4901178855231299,0.45474933932455724,35.0,36.0
2026-05-01,San Diego,Enrollment_Support,86,0.3176090366228624,0.4453660528286542,33,711.6671514127707,22,65.0,73.0,0.3103769987675987,0.3189006636519778,0.40957647683391263,0.44835347172856554,33.0,33.666666666666664
2026-06-01,San Diego,Enrollment_Support,66,0.33160603353926227,0.4599592850645731,43,705.3577553137856,22,86.0,72.33333333333333,0.3176090366228624,0.31986402297657446,0.4453660528286542,0.4383006049090466,33.0,36.333333333333336
2025-02-01,San Diego,Preventive_Care,86,0.35784382891439165,0.4340035925292954,49,854.9548531798933,28,62.0,74.0,0.3031022805116863,0.330473054713039,0.4264355236054113,0.43021955806735335,33.0,41.0
2025-03-01,San Diego,Preventive_Care,101,0.328194199675627,0.4317786677305494,51,906.1036127418971,28,86.0,83.0,0.35784382891439165,0.329713436367235,0.4340035925292954,0.4307392612884187,49.0,44.333333333333336
2025-04-01,San Diego,Preventive_Care,56,0.2856273660782519,0.402356484169338,45,670.0710065521553,23,101.0,81.0,0.328194199675627,0.3238884648894235,0.4317786677305494,0.42271291480972756,51.0,48.333333333333336
2025-05-01,San Diego,Preventive_Care,95,0.30602806664917565,0.4496080059976112,69,1071.955262901136,33,56.0,84.0,0.2856273660782519,0.3066165441343515,0.402356484169338,0.4279143859658328,45.0,55.0
2025-06-01,San Diego,Preventive_Care,85,0.2663048342352997,0.5205217551153433,56,887.628731123968,28,95.0,78.66666666666667,0.30602806664917565,0.2859867556542424,0.4496080059976112,0.4574954150940975,69.0,56.666666666666664
2025-07-01,San Diego,Preventive_Care,72,0.36026301449104203,0.4816611652098483,45,706.9199224083097,23,85.0,84.0,0.2663048342352997,0.31086530512517246,0.5205217551153433,0.4839303087742676,56.0,56.666666666666664
2025-08-01,San Diego,Preventive_Care,74,0.327549141279996,0.42059086125856204,47,758.9202774493277,23,72.0,77.0,0.36026301449104203,0.3180389966687793,0.4816611652098483,0.47425792719458454,45.0,49.333333333333336
2025-09-01,San Diego,Preventive_Care,88,0.3797807649177639,0.39760267954743117,49,887.43845784696,29,74.0,78.0,0.327549141279996,0.3558643068962673,0.42059086125856204,0.4332849020052805,47.0,47.0
2025-10-01,San Diego,Preventive_Care,107,0.33081940021085404,0.45321057204018816,43,987.701619364531,32,88.0,89.66666666666667,0.3797807649177639,0.34604976880287136,0.39760267954743117,0.4238013709487271,49.0,46.333333333333336
2025-11-01,San Diego,Preventive_Care,62,0.4151185613014895,0.5108893047083001,28,598.1795324157728,18,107.0,85.66666666666667,0.33081940021085404,0.37523957547670245,0.45321057204018816,0.4539008520986398,43.0,40.0
2025-12-01,San Diego,Preventive_Care,113,0.32056160693322827,0.43486272059848013,61,1085.2565356638802,35,62.0,94.0,0.4151185613014895,0.3554998561485239,0.5108893047083001,0.4663208657823228,28.0,44.0
2026-01-01,San Diego,Preventive_Care,89,0.35523419398788797,0.42752960462445017,54,857.6380868822955,28,113.0,88.0,0.32056160693322827,0.3636381207408686,0.43486272059848013,0.4577605433104101,61.0,47.666666666666664
2026-02-01,San Diego,Preventive_Care,114,0.33273056296932235,0.43066943828204124,53,1078.9108795969685,35,89.0,105.33333333333333,0.35523419398788797,0.33617545463014614,0.42752960462445017,0.4310205878349905,54.0,56.0
2026-03-01,San Diego,Preventive_Care,76,0.36698103107401076,0.44008216079540363,39,699.0611482108848,22,114.0,93.0,0.33273056296932235,0.35164859601040704,0.43066943828204124,0.432760401233965,53.0,48.666666666666664
2026-04-01,San Diego,Preventive_Care,73,0.3425721657713178,0.44225591875165726,47,722.188220329642,23,76.0,87.66666666666667,0.36698103107401076,0.3474279199382169,0.44008216079540363,0.4376691726097007,39.0,46.333333333333336
2026-05-01,San Diego,Preventive_Care,95,0.29385446439782625,0.4551645359581521,55,888.0161762391666,27,73.0,81.33333333333333,0.3425721657713178,0.3344692204143849,0.44225591875165726,0.4458342051684043,47.0,47.0
2026-06-01,San Diego,Preventive_Care,100,0.2564541171514623,0.44450711903509615,68,1060.26706148426,35,95.0,89.33333333333333,0.29385446439782625,0.29762691577353545,0.4551645359581521,0.4473091912483018,55.0,56.666666666666664
2025-02-01,San Diego,Telehealth,109,0.2837151044172243,0.4897801787484695,50,1016.1264067397152,33,50.0,79.5,0.3386450768043538,0.31118009061078905,0.43108564302692676,0.4604329108876981,34.0,42.0
2025-03-01,San Diego,Telehealth,104,0.3284858165583342,0.4709828531711262,46,1003.1919444852,33,109.0,87.66666666666667,0.2837151044172243,0.31694866592663745,0.4897801787484695,0.4639495583155075,50.0,43.333333333333336
2025-04-01,San Diego,Telehealth,78,0.33366567089995725,0.40217204966590925,41,744.6145395280307,25,104.0,97.0,0.3284858165583342,0.31528886395850525,0.4709828531711262,0.454311693861835,46.0,45.666666666666664
2025-05-01,San Diego,Telehealth,102,0.28594813579973455,0.4021584357419565,35,852.0449180926679,28,78.0,94.66666666666667,0.33366567089995725,0.31603320775267535,0.40217204966590925,0.42510444619299737,41.0,40.666666666666664
2025-06-01,San Diego,Telehealth,75,0.3021225410836011,0.4668920081470728,46,752.594722772681,23,102.0,85.0,0.28594813579973455,0.30724544926109765,0.4021584357419565,0.4237408311849795,35.0,40.666666666666664
2025-07-01,San Diego,Telehealth,76,0.34123628685168084,0.47799648670644945,46,830.2643553302345,26,75.0,84.33333333333333,0.3021225410836011,0.3097689879116721,0.4668920081470728,0.4490156435318262,46.0,42.333333333333336
2025-08-01,San Diego,Telehealth,96,0.35219231485683167,0.41057747814804285,54,934.756393804305,30,76.0,82.33333333333333,0.34123628685168084,0.3318503809307045,0.47799648670644945,0.4518219910005217,46.0,48.666666666666664
2025-09-01,San Diego,Telehealth,86,0.35032587651569813,0.37030864629593563,40,791.7259182128101,28,96.0,86.0,0.35219231485683167,0.34791815940807025,0.41057747814804285,0.4196275370501426,54.0,46.666666666666664
2025-10-01,San Diego,Telehealth,119,0.3305565426853277,0.43244710210316706,49,1022.872273503256,34,86.0,100.33333333333333,0.35032587651569813,0.3443582446859525,0.37030864629593563,0.4044444088490485,40.0,47.666666666666664
2025-11-01,San Diego,Telehealth,114,0.36064684132305047,0.40076485904175957,51,989.8201339324858,31,119.0,106.33333333333333,0.3305565426853277,0.3471764201746921,0.43244710210316706,0.40117353581362075,49.0,46.666666666666664
2025-12-01,San Diego,Telehealth,87,0.2616974409543392,0.49138261067344086,61,925.7789041500524,28,114.0,106.66666666666667,0.36064684132305047,0.31763360832090576,0.40076485904175957,0.4415315239394559,51.0,53.666666666666664
2026-01-01,San Diego,Telehealth,100,0.32080324612578276,0.4818178468360318,61,985.29932039756,32,87.0,100.33333333333333,0.2616974409543392,0.31438250946772417,0.49138261067344086,0.45798843885041074,61.0,57.666666666666664
2026-02-01,San Diego,Telehealth,78,0.2865737442403683,0.4651000478759499,34,753.1389199637367,26,100.0,88.33333333333333,0.32080324612578276,0.28969147710683013,0.4818178468360318,0.4794335017951408,61.0,52.0
2026-03-01,San Diego,Telehealth,90,0.28281680192119635,0.4106538180953553,41,787.5841237115282,26,78.0,89.33333333333333,0.2865737442403683,0.2967312640957825,0.4651000478759499,0.4525239042691123,34.0,45.333333333333336
2026-04-01,San Diego,Telehealth,97,0.3198861440174301,0.41337228480851285,47,836.6733858259033,27,90.0,88.33333333333333,0.28281680192119635,0.29642556339299825,0.4106538180953553,0.429708716926606,41.0,40.666666666666664
2026-05-01,San Diego,Telehealth,66,0.338348484181879,0.5059099913688663,35,660.7638667103984,21,97.0,84.33333333333333,0.3198861440174301,0.3136838100401685,0.41337228480851285,0.44331203142424475,47.0,41.0
2026-06-01,San Diego,Telehealth,109,0.3066678988155968,0.44005720903643314,57,987.0742713903289,33,66.0,90.66666666666667,0.338348484181879,0.32163417567163527,0.5059099913688663,0.4531131617379374,35.0,46.333333333333336
